Unnamed: 0,words,Kana
0,ISM製造業景況感指数,イsmセイゾウギョウケイキョウカンシスウ
1,アイザーウェイ,アイザーウェイ
2,相対売買,ソウタイバイバイ
3,アイディアソン,アイディアソン
4,アイランドリバーサル,アイランドリバーサル
5,アイ・トラックス・ジャパン,アイ・トラックス・ジャパン
6,アウトパフォーム,アウトパフォーム
7,アウトライト取引,アウトライトトリヒキ
8,アウトルック,アウトルック
9,アウト・オブ・ザ・マネー,アウト・オブ・ザ・マネー
10,青空銘柄,アオゾラメイガラ
11,青天井,アオテンジョウ
12,アカウンタビリティ,アカウンタビリティ
13,赤三兵,アカサンペイ
14,赤字国債,アカジコクサイ
15,空き家対策特別措置法,アキヤタイサクトクベツソチホウ
16,アキュムレーション,アキュムレーション
17,悪材料,アクザイリョウ
18,アクチュアリー,アクチュアリー
19,アクティビスト,アクティビスト
20,アクティビスト・ファンド,アクティビスト・ファンド
21,アクティブ運用,アクティブウンヨウ
22,アクティブファンド,アクティブファンド
23,アクティブリターン,アクティブリターン
24,あく抜け,アクヌケ
25,アクハイヤー,アクハイヤー
26,悪目買い,アクメカイ
27,アクリーション,アクリーション
28,アクルーアル,アクルーアル
29,アグフレーション,アグフレーション
30,上げ足,アゲアシ
31,揚超,ヨウチョウ
32,アコード,アコード
33,足どり,アシドリ
34,アジアインフラ投資銀行,アジアインフラトウシギンコウ
35,アジア欧州会合,アジアオウシュウカイゴウ
36,アジア開発銀行,アジアカイハツギンコウ
37,アジア地域ファンドパスポート,アジアチイキファンドパスポート
38,アセットアロケーション,アセットアロケーション
39,アセットオーナー,アセットオーナー
40,アセットクラス,アセットクラス
41,アセットスワップ,アセットスワップ
42,アセットマネジャー,アセットマネジャー
43,頭打ち,アタマウチ
44,当（た）り屋,トウ（タ）リヤ
45,アット・ザ・マネー,アット・ザ・マネー
46,アップ率,アップリツ
47,後入先出法,アトイレセンシュツホウ
48,アナリスト,アナリスト
49,アニュアルレポート,アニュアルレポート
50,アノマリー,アノマリー
51,アフターアワー,アフターアワー
52,アフリカ開発会議,アフリカカイハツカイギ
53,アフリカ開発銀行,アフリカカイハツギンコウ
54,アベノミクス,アベノミクス
55,甘い,アマイ
56,アマゾンエフェクト,アマゾンエフェクト
57,アマゾン恐怖銘柄指数,アマゾンキョウフメイガラシスウ
58,アメリカンタイプ,アメリカンタイプ
59,アモチゼーション,アモチゼーション
60,あや,アヤ
61,あやおし,アヤオシ
62,あや戻し,アヤモドシ
63,歩み値,アユミアタイ
64,アルゴリズム取引,アルゴリズムトリヒキ
65,アルトコイン,アルトコイン
66,α,
67,アレンジャー,アレンジャー
68,アンカリング,アンカリング
69,暗号資産,アンゴウシサン
70,アンダーウェイト,アンダーウェイト
71,アンダーパフォーム,アンダーパフォーム
72,アンダーライター,アンダーライター
73,アンダーライティング,アンダーライティング
74,安定株主,アンテイカブヌシ
75,安定操作,アンテイソウサ
76,安定調達比率,アンテイチョウタツヒリツ
77,安定配当,アンテイハイトウ
78,アンビシャス,アンビシャス
79,アンブレラ型投資信託,アンブレラカタトウシシンタク
80,アンワインド,アンワインド
81,アーニングサプライズ,アーニングサプライズ
82,アービトラージャー,アービトラージャー
83,RR分類,rrブンルイ
84,イエレン・ダッシュボード,イエレン・ダッシュボード
85,EONIA（ユーロ圏無担保翌日物平均金利）,エオニア（ユーロケンムタンポヨクジツモノヘイキンキンリ）
86,移管,イカン
87,異彩高,イサイタカ
88,異彩安,イサイアン
89,遺産整理業務,イサンセイリギョウム
90,遺産分割協議書,イサンブンカツキョウギカキ
91,遺産分割協議,イサンブンカツキョウギ
92,イスラム金融,イスラムキンユウ
93,イスラム債,イスラムサイ
94,遺贈,イゾウ
95,遺族基礎年金,イゾクキソネンキン
96,委託会社,イタクカイシャ
97,委託者指図型投資信託,イタクモノサシズカタトウシシンタク
98,委託者非指図型投資信託,イタクモノヒサシズカタトウシシンタク
99,委託者報酬,イタクモノホウシュウ
100,委託者,イタクモノ
101,委託手数料,イタクテスウリョウ
102,委託売買,イタクバイバイ
103,委託保証金,イタクホショウキン
104,板寄せ売買,イタヨセバイバイ
105,板,イタ
106,一段高,イチダンタカ
107,一段安,イチダンアン
108,一年基準,イチネンキジュン
109,一番底,イチバンソコ
110,一番天井,イチバンテンジョウ
111,一目均衡表,イチモクキンコウオモテ
112,一覧払輸出手形買相場,イチランフツユシュツテガタカイソウバ
113,一覧払輸入手形決済相場,イチランフツユニュウテガタケッサイソウバ
114,一括投資,イッカツトウシ
115,一帯一路,イッタイイチロ
116,一致指数,イッチシスウ
117,往って来い,ユッテコイ
118,一般会計,イッパンカイケイ
119,一般勘定,イッパンカンジョウ
120,一般競争入札,イッパンキョウソウニュウサツ
121,一般コース,イッパンコース
122,一般信用取引,イッパンシンヨウトリヒキ
123,一般担保付社債,イッパンタンポツキシャサイ
124,一服,イップク
125,一本値,イッポンアタイ
126,移転価格税制,イテンカカクゼイセイ
127,移動平均乖離率,イドウヘイキンカイリリツ
128,移動平均線,イドウヘイキンセン
129,イナゴ投資家,イナゴトウシカ
130,委任状闘争,イニンジョウトウソウ
131,IFRS,イfrs
132,イブニングセッション,イブニングセッション
133,イベント・ドリブン,イベント・ドリブン
134,イミュニゼーション,イミュニゼーション
135,嫌気,イヤケ
136,依頼格付け,イライカクヅケ
137,遺留分減殺請求,イリュウフンゲンサイセイキュウ
138,遺留分,イリュウフン
139,インカムアプローチ,インカムアプローチ
140,インカムゲイン,インカムゲイン
141,因果玉,インガタマ
142,インサイダー取引,インサイダートリヒキ
143,インシュアテック,インシュアテック
144,インセンティブストックオプション,インセンティブストックオプション
145,姻族,インゾク
146,インタレストカバレッジレシオ,インタレストカバレッジレシオ
147,インターコンチネンタル取引所,インターコンチネンタルトリヒキジョ
148,インターネット証券,インターネットショウケン
149,インターバンク市場,インターバンクシジョウ
150,インディカティブNAV,インディカティブナv
151,インデックス運用,インデックスウンヨウ
152,インデックスファンド,インデックスファンド
153,インデックス,インデックス
154,インバウンド消費,インバウンドショウヒ
155,インバージョン（租税地変換）,インバージョン（ソゼイチヘンカン）
156,インバース型上場投資信託,インバースカタジョウジョウトウシシンタク
157,インパクト投資,インパクトトウシ
158,インフォメーションレシオ,インフォメーションレシオ
159,インフラ関連株ファンド,インフラカンレンカブファンド
160,インフレギャップ,インフレギャップ
161,インフレターゲット,インフレターゲット
162,インフレヘッジ,インフレヘッジ
163,インフレリスク,インフレリスク
164,インフレ連動債,インフレレンドウサイ
165,インフレーション,インフレーション
166,インプライドボラティリティ,インプライドボラティリティ
167,インベスターリターン,インベスターリターン
168,インベストメントチェーン,インベストメントチェーン
169,インボイス,インボイス
170,陰陽線,インヨウセン
171,イン・ザ・マネー,イン・ザ・マネー
172,イーサリアム,イーサリアム
173,EV/EBITDA倍率,
174,イールドカーブ,イールドカーブ
175,イールドカーブ・コントロール,イールドカーブ・コントロール
176,イールドスプレッド,イールドスプレッド
177,イールドダッチ方式,イールドダッチホウシキ
178,イールドレシオとイールドスプレッド,イールドレシオトイールドスプレッド
179,イールドレシオ,イールドレシオ
180,ウィルシャー5000,
181,ウィンブルドン現象,ウィンブルドンゲンショウ
182,ウォレット,ウォレット
183,ウォール街,ウォールマチ
184,ウォーレン・バフェット,ウォーレン・バフェット
185,受取手形,ウケトリテガタ
186,受渡日,ウケワタシニチ
187,受渡し,ウケワタシ
188,薄商い,ハクアキナイ
189,内枠方式,ウチワクホウシキ
190,埋める,ウメル
191,売上債権回転率,ウリアゲサイケンカイテンリツ
192,売上総利益,ウリアゲソウリエキ
193,売上高経常利益率,ウリアゲダカケイジョウリエキリツ
194,売上高原価率,ウリアゲダカゲンカリツ
195,売上高成長率,ウリアゲダカセイチョウリツ
196,売上高販管費率,ウリアゲダカハンカンヒリツ
197,売掛金,ウリカケキン
198,売掛債権,ウリカケサイケン
199,売り方,ウリホウ
200,売り崩し,ウリクズシ
201,売り気配,ウリケハイ
202,売り越し,ウリコシ
203,売りたい強気,ウリタイツヨキ
204,売出し,ウリダシ
205,売り建て玉,ウリタテタマ
206,売り抜け,ウリヌケ
207,売り値,ウリネ
208,売り乗せ,ウリノセ
209,売るべし売るべからず,ウルベシウルベカラズ
210,上値が重い,ウワネガオモイ
211,上値,ウワネ
212,運営管理機関,ウンエイカンリキカン
213,運用関連業務,ウンヨウカンレンギョウム
214,運用会社,ウンヨウカイシャ
215,運用指図,ウンヨウサシズ
216,運用スタイル,ウンヨウスタイル
217,運用対象,ウンヨウタイショウ
218,運用報告書,ウンヨウホウコクショ
219,運用報酬,ウンヨウホウシュウ
220,運用方針,ウンヨウホウシン
221,運用レポート,ウンヨウレポート
222,ALM,アlm
223,永久債,エイキュウサイ
224,永久資産,エイキュウシサン
225,永久劣後債,エイキュウレツゴサイ
226,営業外収益,エイギョウガイシュウエキ
227,営業キャッシュフロー,エイギョウキャッシュフロー
228,営業循環基準,エイギョウジュンカンキジュン
229,営業毎旬報告,エイギョウマイジュンポウコク
230,営業利益,エイギョウリエキ
231,英国銀行協会,エイコクギンコウキョウカイ
232,HFRXグローバル・ヘッジファンド・インデックス,hfrxグローバル・ヘッジファンド・インデックス
233,益金不算入制度,エキキンフサンニュウセイド
234,益出し,マスダシ
235,益利回り,マスリマワリ
236,エクイティファイナンス,エクイティファイナンス
237,エクスポージャー,エクスポージャー
238,エクスワラント,エクスワラント
239,エクセスリターン,エクセスリターン
240,エコカー減税,エコカーゲンゼイ
241,エコノミスト,エコノミスト
242,エコノミックサプライズ指数,エコノミックサプライズシスウ
243,エコファンド,エコファンド
244,エコ・ファースト制度,エコ・ファーストセイド
245,エシカルファンド（道徳ファンド）,エシカルファンド（ドウトクファンド）
246,S＆Pケース・シラー住宅指数,
247,SEC基準,セcキジュン
248,ＳＴ倍率,
249,EDINET,エヂネt
250,NT倍率,ンtバイリツ
251,FX取引,fxトリヒキ
252,FFレート,ffレート
253,エマージング市場,エマージングシジョウ
254,MSCI指数,mscイシスウ
255,MM理論,mmリロン
256,エリオット波動,エリオットハドウ
257,ERISA法,エリサホウ
258,円貨建て債券,エンカタテサイケン
259,エンゲージメント,エンゲージメント
260,縁故地方債,エンコチホウサイ
261,エンジェル税制,エンジェルゼイセイ
262,エンジェル,エンジェル
263,円短期運用,エンタンキウンヨウ
264,円高,エンダカ
265,円建外債,エンダテガイサイ
266,エンディングノート,エンディングノート
267,エンハンスト・インデックス運用,エンハンスト・インデックスウンヨウ
268,エンベディッドバリュー,エンベディッドバリュー
269,エンベロープ,エンベロープ
270,円安圧力,エンヤスアツリョク
271,円安,エンヤス
272,エージェンシー取引,エージェンシートリヒキ
273,エージェント,エージェント
274,追い証,オイショウ
275,オイルマネー,オイルマネー
276,黄金株,オウゴンカブ
277,黄金分割比率,オウゴンブンカツヒリツ
278,欧州金融安定基金,オウシュウキンユウアンテイキキン
279,欧州経済共同体,オウシュウケイザイキョウドウタイ
280,欧州通貨制度,オウシュウツウカセイド
281,欧州通貨単位,オウシュウツウカタンイ
282,欧州連合,オウシュウレンゴウ
283,応募者利回り,オウボシャリマワリ
284,大株主,オオカブヌシ
285,大型株、中型株、小型株,
286,大口取引,オオグチトリヒキ
287,大阪取引所,オオサカトリヒキジョ
288,大底,オオゾコ
289,大台,オオダイ
290,大手証券,オオテショウケン
291,大天井,ダイテンジョウ
292,大引け,オオビケ
293,億り人,オクリニン
294,お化粧買い,オケショウカイ
295,押し目買い,オシメカイ
296,押し目待ちに押し目なし,オシメマチニオシメナシ
297,オシレーター,オシレーター
298,落ちてくるナイフはつかむな,オチテクルナイフハツカムナ
299,踊り場,オドリバ
300,オバマケア,オバマケア
301,オフィス空室率,オフィスクウシツリツ
302,オフショア市場,オフショアシジョウ
303,オフショア人民元市場,オフショアジンミンゲンシジョウ
304,オフバランスシート,オフバランスシート
305,オプション取引,オプショントリヒキ
306,オプション,オプション
307,オペレーショナルインテリジェンス,オペレーショナルインテリジェンス
308,オムニチャネル,オムニチャネル
309,主な意見,オモナイケン
310,思惑買い,オモワクカイ
311,親会社,オヤガイシャ
312,親引け,オヤヒケ
313,オライオン,オライオン
314,織込み済み,オリコミスミ
315,オリジネーター,オリジネーター
316,オルタナティブ投資,オルタナティブトウシ
317,卸売物価指数,オロシウリブッカシスウ
318,終値関与,オワリネカンヨ
319,終値,オワリネ
320,オンショア市場,オンショアシジョウ
321,オーダードリブン,オーダードリブン
322,オーバーアロットメント,オーバーアロットメント
323,オーバーウェイト,オーバーウェイト
324,オーバーシュート型コミットメント,オーバーシュートカタコミットメント
325,オーバーシュート,オーバーシュート
326,オープンイノベーション,オープンイノベーション
327,オープンエンド型投資信託,オープンエンドカタトウシシンタク
328,オールインコスト,オールインコスト
329,オールドエコノミー,オールドエコノミー
330,証券用語解説集,ショウケンヨウゴカイセツシュウ
331,買い上がり,カイアガリ
332,買いあき,カイアキ
333,買入消却,カイイレショウキャク
334,買掛金,カイカケキン
335,買掛債務,カイカケサイム
336,買い方,カイホウ
337,海外M&A,
338,海外直接投資,カイガイチョクセツトウシ
339,回帰トレンド,カイキトレンド
340,回帰分析,カイキブンセキ
341,会計基準,カイケイキジュン
342,買い気配,カイキハイ
343,買い越し,カイコシ
344,買い下がり,カイサガリ
345,買い支え,カイササエ
346,会社開示書類の電子化,カイシャカイジショルイノデンシカ
347,会社型投資信託,カイシャカタトウシシンタク
348,会社更生法,カイシャコウセイホウ
349,会社分割,カイシャブンカツ
350,会社法,カイシャホウ
351,会社役員賠償責任保険,カイシャヤクインバイショウセキニンホケン
352,買いたい弱気,カイタイヨワキ
353,買い建て玉,カイタテタマ
354,買付手数料,カイツケテスウリョウ
355,回転日数,カイテンニッスウ
356,買取請求（株式）,カイトリセイキュウ（カブシキ）
357,買取請求（投資信託）,カイトリセイキュウ（トウシシンタク）
358,介入,カイニュウ
359,買い値,カイアタイ
360,買い乗せ,カイノセ
361,買増請求制度,カイマシセイキュウセイド
362,買増制度,カイマシセイド
363,買い持ち,カイモチ
364,買い戻し,カイモドシ
365,解約請求（投資信託）,カイヤクセイキュウ（トウシシンタク）
366,乖離率,カイリリツ
367,買うべし買うべからず,カウベシカウベカラズ
368,カウリ債,カウリサイ
369,カウンターパーティリスク,カウンターパーティリスク
370,顔合せ,カオアワセ
371,価格変動リスク,カカクヘンドウリスク
372,価格優先の原則,カカクユウセンノゲンソク
373,かぎ足,カギアシ
374,格付け会社,カクヅケカイシャ
375,格付投資情報センター（R&I）,
376,格付マトリクス,カクツケマトリクス
377,格付け（信用格付け）,カクヅケ（シンヨウカクヅケ）
378,確定給付企業年金,カクテイキュウフキギョウネンキン
379,確定給付年金,カクテイキュウフネンキン
380,確定拠出年金規約,カクテイキョシュツネンキンキヤク
381,確定拠出年金,カクテイキョシュツネンキン
382,確定申告,カクテイシンコク
383,確定年金,カクテイネンキン
384,確定利付債,カクテイリツキサイ
385,格安スマートフォン,カクヤススマートフォン
386,家計調査,カケイチョウサ
387,貸株市場,カシカブシジョウ
388,貸株注意喚起銘柄,カシカブチュウイカンキメイガラ
389,貸株超過銘柄,カシカブチョウカメイガラ
390,貸株停止銘柄,カシカブテイシメイガラ
391,貸株申込制限銘柄,カシカブモウシコミセイゲンメイガラ
392,貸株,カシカブ
393,貸倒引当金,カシダオレヒキアテキン
394,貸出支援基金,タイシュツシエンキキン
395,貸付金,カシツケキン
396,加重平均,カジュウヘイキン
397,過剰債務,カジョウサイム
398,カスタマーサイド,カスタマーサイド
399,カストディアン,カストディアン
400,課税標準,カゼイヒョウジュン
401,仮想通貨法,カソウツウカホウ
402,仮装売買,カソウバイバイ
403,片端入れ,カタハシイレ
404,カタリスト,カタリスト
405,CAC40指数,
406,カットオフタイム,カットオフタイム
407,カバードコール,カバードコール
408,カバードプット,カバードプット
409,カバードボンド（債権担保付き社債）,カバードボンド（サイケンタンポツキシャサイ）
410,カバードワラント,カバードワラント
411,株価維持政策,カブカイジセイサク
412,株価位置,カブカイチ
413,株価固定,カブカコテイ
414,株価指数オプション取引,カブカシスウオプショントリヒキ
415,株価指数,カブカシスウ
416,株価指標,カブカシヒョウ
417,株価,カブカ
418,株券オプション取引,カブケンオプショントリヒキ
419,株券失効制度,カブケンシッコウセイド
420,株券電子化,カブケンデンシカ
421,株券不発行制度,カブケンフハツギョウセイド
422,株券,カブケン
423,株式移転,カブシキイテン
424,株式益利回り,カブシキマスリマワリ
425,株式会社,カブシキガイシャ
426,株式給付信託,カブシキキュウフシンタク
427,株式交換,カブシキコウカン
428,株式先物取引,カブシキサキモノトリヒキ
429,株式市場,カブシキシジョウ
430,株式消却,カブシキショウキャク
431,株式等受渡請求,カブシキナドウケワタシセイキュウ
432,株式投資信託,カブシキトウシシンタク
433,株式投資のリスクとリターン,カブシキトウシノリスクトリターン
434,株式投資のリスク,カブシキトウシノリスク
435,株式等振替制度,カブシキナドフリカエセイド
436,株式のリスクプレミアム,カブシキノリスクプレミアム
437,株式分割,カブシキブンカツ
438,株式併合,カブシキヘイゴウ
439,株式無償割当て,カブシキムショウワリアテ
440,株式持ち合い,カブシキモチアイ
441,株式累積投資,カブシキルイセキトウシ
442,株式ロングショート,カブシキロングショート
443,株式,カブシキ
444,株主還元,カブヌシカンゲン
445,株主資本回転率,カブヌシシホンカイテンリツ
446,株主資本コスト,カブヌシシホンコスト
447,株主資本配当率,カブヌシシホンハイトウリツ
448,株主資本,カブヌシシホン
449,株主総会,カブヌシソウカイ
450,株主提案権,カブヌシテイアンケン
451,株主の権利,カブヌシノケンリ
452,株主名簿管理人,カブヌシメイボカンリニン
453,株主名簿,カブヌシメイボ
454,株主優待,カブヌシユウタイ
455,株主,カブヌシ
456,貨幣数量説,カヘイスウリョウセツ
457,下方修正,カホウシュウセイ
458,カマコンバレー,カマコンバレー
459,空売り規制,カラウリリキセイ
460,空売り比率,カラウリリヒリツ
461,空売り,カラウリリ
462,借入金,カリイレキン
463,借換債,カリカエサイ
464,仮需,カリジュ
465,仮条件,カリジョウケン
466,カルテル,カルテル
467,カルパース,カルパース
468,カレンシースワップ,カレンシースワップ
469,為替オーバーレイ運用,カワセオーバーレイウンヨウ
470,為替感応度,カワセカンノウド
471,為替差損益,カワセサソンマス
472,為替操作国,カワセソウサクニ
473,為替相場の企業業績への影響,カワセソウバノキギョウギョウセキヘノエイキョウ
474,為替相場の経済への影響,カワセソウバノケイザイヘノエイキョウ
475,為替の経常的取引,カワセノケイジョウテキトリヒキ
476,為替の資本移動に伴う売買,カワセノシホンイドウニトモナウバイバイ
477,為替ヘッジ,カワセヘッジ
478,為替報告書,カワセホウコクショ
479,為替リスク,カワセリスク
480,為替レート,カワセレート
481,為替レート（360円からの円高の歩み）,
482,為替,カワセ
483,換価分割,カンカブンカツ
484,カンガルー債,カンガルーサイ
485,環境債,カンキョウサイ
486,換金,カンキン
487,監査意見,カンサイケン
488,監査等委員会設置会社,カンサナドイインカイセッチカイシャ
489,監査報酬,カンサホウシュウ
490,監査法人ガバナンスコード,カンサホウジンガバナンスコード
491,監査法人,カンサホウジン
492,監査役,カンサヤク
493,閑散相場,カンサンソウバ
494,閑散に売りなし,カンサンニウリナシ
495,感謝祭,カンシャサイ
496,幹事証券会社,カンジショウケンガイシャ
497,官製相場,カンセイソウバ
498,間接金融,カンセツキンユウ
499,完全雇用,カンゼンコヨウ
500,完全失業率,カンゼンシツギョウリツ
501,関東・甲信インデックス,カントウ・コウシンインデックス
502,カントリーアロケーション,カントリーアロケーション
503,カントリーファンド,カントリーファンド
504,カントリーリスク,カントリーリスク
505,官民ファンド,カンミンファンド
506,監理銘柄,カンリメイガラ
507,関連会社,カンレンガイシャ
508,カーブアウト,カーブアウト
509,カーボンニュートラル,カーボンニュートラル
510,カーボンフットプリント,カーボンフットプリント
511,カーボンリサイクル,カーボンリサイクル
512,外貨準備高,ガイカジュンビタカ
513,外貨建てMMF,ガイカタテmmf
514,外貨建て債券,ガイカタテサイケン
515,外貨建て投資信託,ガイカタテトウシシンタク
516,外形標準課税,ガイケイヒョウジュンカゼイ
517,外国ETF,ガイコクエtf
518,外国株式,ガイコクカブシキ
519,外国為替先物予約,ガイコクカワセサキモノヨヤク
520,外国為替市場,ガイコクカワセシジョウ
521,外国為替平衡操作,ガイコクカワセヘイコウソウサ
522,外国為替,ガイコクカワセ
523,外国債,ガイコクサイ
524,外国人投資家,ガイコクジントウシカ
525,外国投資信託,ガイコクトウシシンタク
526,外需関連株,ガイジュカンレンカブ
527,ガイダンスリスク,ガイダンスリスク
528,外部金融,ガイブキンユウ
529,額面金額,ガクメンキンガク
530,額面（債券）,ガクメン（サイケン）
531,合従連衡,ガッショウレンコウ
532,合併比率,ガッペイヒリツ
533,合併,ガッペイ
534,ガンジャンピング規制,ガンジャンピングキセイ
535,元本,ガンポン
536,ガンマ,ガンマ
537,機械受注統計,キカイジュチュウトウケイ
538,機械受注,キカイジュチュウ
539,機関投資家,キカントウシカ
540,企業会計基準委員会,キギョウカイケイキジュンイインカイ
541,企業会計原則,キギョウカイケイゲンソク
542,企業価値評価,キギョウカチヒョウカ
543,企業行動に関するアンケート調査,キギョウコウドウニカンスルアンケートチョウサ
544,企業再生,キギョウサイセイ
545,企業年金連合会,キギョウネンキンレンゴウカイ
546,企業年金,キギョウネンキン
547,企業の将来価値,キギョウノショウライカチ
548,企業の物価見通し,キギョウノブッカミトオシ
549,企業物価指数,キギョウブッカシスウ
550,企業向けサービス価格指数,キギョウムケサービスカカクシスウ
551,起債,キサイ
552,期先限月,キサキゲンゲツ
553,基軸通貨,キジクツウカ
554,基準価額,キジュンカガク
555,基準地価,キジュンチカ
556,規制金利,キセイキンリ
557,規制銘柄,キセイメイガラ
558,季節調整値,キセツチョウセイチ
559,季節調整,キセツチョウセイ
560,規則144A,
561,基礎年金,キソネンキン
562,基礎率,キソリツ
563,期待インフレ率,キタイインフレリツ
564,キチンサイクル,キチンサイクル
565,期近限月,キヂカゲンゲツ
566,既得権益,キトクケンマス
567,記念配当,キネンハイトウ
568,希薄化,キハクカ
569,既発債,キハツサイ
570,キャッシュアウト,キャッシュアウト
571,キャッシュフロー計算書,キャッシュフローケイサンショ
572,キャッシュフロー,キャッシュフロー
573,キャッシュリッチ,キャッシュリッチ
574,キャッシュレス決済,キャッシュレスケッサイ
575,キャッシュ・コンバージョン・サイクル,キャッシュ・コンバージョン・サイクル
576,キャッシング,キャッシング
577,CATボンド,cアtボンド
578,CAPM,cアpm
579,キャップレート（還元利回り）,キャップレート（カンゲンリマワリ）
580,キャピタルゲイン課税,キャピタルゲインカゼイ
581,キャピタルゲイン,キャピタルゲイン
582,キャピタルフライト,キャピタルフライト
583,キャリートレード,キャリートレード
584,旧株,キュウカブ
585,九州インデックス,キュウシュウインデックス
586,急騰,キュウトウ
587,ＱＥ２,
588,強圧的二段階買付,キョウアツテキニダンカイカイツケ
589,教育資金の一括贈与,キョウイクシキンノイッカツゾウヨ
590,共益権,キョウエキケン
591,共済年金,キョウサイネンキン
592,強弱レシオ,キョウジャクレシオ
593,強制加入,キョウセイカニュウ
594,共創経営,キョウソウケイエイ
595,協調融資,キョウチョウユウシ
596,京都・滋賀インデックス,キョウト・シガインデックス
597,協同組織金融機関,キョウドウソシキキンユウキカン
598,共同発行地方債,キョウドウハッコウチホウサイ
599,恐怖指数,キョウフシスウ
600,共分散,キョウブンサン
601,拠出限度額,キョシュツゲンドガク
602,拠出,キョシュツ
603,居住者,キョジュウシャ
604,寄与度,キヨド
605,寄与分,キヨブン
606,記録関連業務,キロクカンレンギョウム
607,均一価格販売方式,キンイツカカクハンバイホウシキ
608,金庫株,キンコカブ
609,金地金,キンジキン
610,金本位制,キンホンイセイ
611,金融緩和,キンユウカンワ
612,金融経済月報,キンユウケイザイゲッポウ
613,金融経済,キンユウケイザイ
614,金融再生プログラム,キンユウサイセイプログラム
615,金融債,キンユウサイ
616,金融先物取引業者,キンユウサキモノトリヒキギョウシャ
617,金融市場と経済循環,キンユウシジョウトケイザイジュンカン
618,金融収支,キンユウシュウシ
619,金融商品仲介業,キンユウショウヒンチュウカイギョウ
620,金融商品取引業,キンユウショウヒントリヒキギョウ
621,金融商品取引法,キンユウショウヒントリヒキホウ
622,金融政策決定会合,キンユウセイサクケッテイカイゴウ
623,金融政策,キンユウセイサク
624,金融相場,キンユウソウバ
625,金融調節,キンユウチョウセツ
626,金融の自由化,キンユウノジユウカ
627,金融引き締め,キンユウヒキシメ
628,金融ビッグバン,キンユウビッグバン
629,金融包摂,キンユウホウセツ
630,金融リテラシー,キンユウリテラシー
631,金利自由化,キンリジユウカ
632,金利と為替,キンリトカワセ
633,金利と景気,キンリトケイキ
634,金利と物価,キンリトブッカ
635,金利敏感株,キンリビンカンカブ
636,金利リスク,キンリリスク
637,金利,キンリ
638,議決権行使助言会社,ギケツケンコウシジョゲンカイシャ
639,議決権,ギケツケン
640,逆イールド,ギャクイールド
641,逆ウォッチ曲線,ギャクウォッチキョクセン
642,逆指値注文,ギャクサシネチュウモン
643,逆三尊型,ギャクサンゾンカタ
644,逆ザヤ,ギャクザヤ
645,逆張り,ギャクハリ
646,逆日歩に買いなし,ギャクヒブニカイナシ
647,逆日歩,ギャクヒブ
648,ギャップアップ,ギャップアップ
649,ギャップダウン,ギャップダウン
650,ギヤリングレシオ,ギヤリングレシオ
651,業況判断DI,ギョウキョウハンダンヂ
652,業種別株価指数,ギョウシュベツカブカシスウ
653,業績相場,ギョウセキソウバ
654,業績予想,ギョウセキヨソウ
655,玉整理,タマセイリ
656,玉,タマ
657,銀行間相場,ギンコウカンソウバ
658,銀行間預金市場,ギンコウカンヨキンシジョウ
659,銀行代理店制度,ギンコウダイリテンセイド
660,銀行等保有株式取得機構,ギンコウナドホユウカブシキシュトクキコウ
661,銀行,ギンコウ
662,食い合い,クイアイ
663,クォートドリブン,クォートドリブン
664,クオンツ運用,クオンツウンヨウ
665,クオンツ,クオンツ
666,くくり直し,ククリナオシ
667,鯨幕相場,クジラマクソウバ
668,クズネッツサイクル,クズネッツサイクル
669,クセトラ,クセトラ
670,口数,クチスウ
671,雲,クモ
672,クラウディングアウト,クラウディングアウト
673,クラウドファンディング,クラウドファンディング
674,クラウンジュエル,クラウンジュエル
675,繰上償還（投資信託）,クリアゲショウカン（トウシシンタク）
676,クリアストリーム,クリアストリーム
677,クリアリング機構,クリアリングキコウ
678,繰越欠損金,クリコシケッソンキン
679,くりっく365,
680,繰延資産,クリノベシサン
681,繰延税金資産,クリノベゼイキンシサン
682,繰延税金負債,クリノベゼイキンフサイ
683,クレジットイベント,クレジットイベント
684,クレジットコスト,クレジットコスト
685,クレジットデリバティブ,クレジットデリバティブ
686,クレジットと分散,クレジットトブンサン
687,クレジットリンク債,クレジットリンクサイ
688,クレジット・ウォッチ,クレジット・ウォッチ
689,クレジット・スプレッド,クレジット・スプレッド
690,クレジット・モニター,クレジット・モニター
691,黒三兵,クロサンペイ
692,クロス取引,クロストリヒキ
693,クロスボーダー取引,クロスボーダートリヒキ
694,クロスレート,クロスレート
695,クローズドイノベーション,クローズドイノベーション
696,クローズドエンド型投資信託,クローズドエンドカタトウシシンタク
697,クローズド期間,クローズドキカン
698,クーポン,クーポン
699,偶発転換社債,グウハツテンカンシャサイ
700,グラマー・ストック,グラマー・ストック
701,グリーン化特例,グリーンカトクレイ
702,グリーンシューオプション,グリーンシューオプション
703,グリーンシート市場,グリーンシートシジョウ
704,グリーンボンド,グリーンボンド
705,グリーンメーラー,グリーンメーラー
706,グリーンメール,グリーンメール
707,グレグジット,グレグジット
708,グレタイ証券市場,グレタイショウケンシジョウ
709,グレートローテーション,グレートローテーション
710,グレートモデレーション,グレートモデレーション
711,グレーマーケット,グレーマーケット
712,グロース市場,グロースシジョウ
713,グロース投資,グローストウシ
714,グロースファンド,グロースファンド
715,グローバルオファリング,グローバルオファリング
716,グローバル株式,グローバルカブシキ
717,グローバル債券,グローバルサイケン
718,グローバル投資パフォーマンス基準,グローバルトウシパフォーマンスキジュン
719,グローバルボンドプラス,グローバルボンドプラス
720,グローバル・マクロ運用,グローバル・マクロウンヨウ
721,グローバル・コーディネーター,グローバル・コーディネーター
722,GLOBEX,glオベx
723,経営参加権,ケイエイサンカケン
724,経過利子,ケイカリシ
725,景気ウォッチャ―調査（街角景気）,
726,景気循環株,ケイキジュンカンカブ
727,景気循環,ケイキジュンカン
728,景気循環（物価と経済成長率）,ケイキジュンカン（ブッカトケイザイセイチョウリツ）
729,景気対策,ケイキタイサク
730,景気動向指数,ケイキドウコウシスウ
731,景気の拡大局面,ケイキノカクダイキョクメン
732,景況感格差,ケイキョウカンカクサ
733,景気,ケイキ
734,軽減税率,ケイゲンゼイリツ
735,経済財政諮問会議,ケイザイザイセイシモンカイギ
736,経済成長率,ケイザイセイチョウリツ
737,経済特区,ケイザイトック
738,経済の局面,ケイザイノキョクメン
739,経済の需給ギャップと金利変動,ケイザイノジュキュウギャップトキンリヘンドウ
740,経済物理学,ケイザイブツリガク
741,経常収支,ケイジョウシュウシ
742,経常利益,ケイジョウリエキ
743,継続企業の前提,ケイゾクキギョウノゼンテイ
744,契約型投資信託,ケイヤクカタトウシシンタク
745,結婚・子育て資金の贈与非課税,ケッコン・コソダテシキンノゾウヨヒカゼイ
746,決済,ケッサイ
747,決算ギャンブル,ケッサンギャンブル
748,決算公告,ケッサンコウコク
749,決算短信,ケッサンタンシン
750,決算,ケッサン
751,決算（投資信託）,ケッサン（トウシシンタク）
752,決定係数（R2）,
753,血族,ケツゾク
754,ケネディ・ショック,ケネディ・ショック
755,気配表示,ケハイヒョウジ
756,気配,ケハイ
757,健康経営銘柄,ケンコウケイエイメイガラ
758,健康経営優良法人認定制度,ケンコウケイエイユウリョウホウジンニンテイセイド
759,建設国債,ケンセツコクサイ
760,堅調,ケンチョウ
761,検認,ケンニン
762,権利落相場,ケンリラクソウバ
763,権利落ち,ケンリオチ
764,権利確定日,ケンリカクテイニチ
765,権利確定,ケンリカクテイ
766,権利行使価格,ケンリコウシカカク
767,権利行使,ケンリコウシ
768,権利付相場,ケンリツキソウバ
769,月例経済報告,ゲツレイケイザイホウコク
770,減価償却費,ゲンカショウキャクヒ
771,限月間スプレッド取引,ゲンゲツカンスプレッドトリヒキ
772,限月交代,ゲンゲツコウタイ
773,限月,ゲンゲツ
774,現先取引,ゲンサキトリヒキ
775,現先レート,ゲンサキレート
776,現在価値,ゲンザイカチ
777,現在値,ゲンザイチ
778,原資産,ゲンシサン
779,減資,ゲンシ
780,現実買い,ゲンジツカイ
781,源泉徴収,ゲンセンチョウシュウ
782,源泉分離課税,ゲンセンブンリカゼイ
783,減損会計,ゲンソンカイケイ
784,減損損失,ゲンソンソンシツ
785,現代投資理論,ゲンダイトウシリロン
786,限定承認,ゲンテイショウニン
787,限定追加型投資信託,ゲンテイツイカカタトウシシンタク
788,現提,ゲンテイ
789,限日取引,ゲンヒドリヒキ
790,減配,ゲンパイ
791,現引,ゲンヒキ
792,現物取引,ゲンブツトリヒキ
793,現物分割,ゲンブツブンカツ
794,現物,ゲンブツ
795,現渡し,ゲンワタシ
796,ゲームチェンジャー,ゲームチェンジャー
797,ゲーム理論,ゲームリロン
798,コアコアCPI,コアコアcピ
799,コアCPI,コアcピ
800,小甘い,コアマイ
801,コア・サテライト戦略,コア・サテライトセンリャク
802,公開買付代理人,コウカイカイツケダイリニン
803,公開買付け,コウカイカイツケ
804,公開価格,コウカイカカク
805,公開会社,コウカイカイシャ
806,公開市場操作,コウカイシジョウソウサ
807,公共債,コウキョウサイ
808,鉱工業生産指数,コウコウギョウセイサンシスウ
809,高裁四類型,コウサイシルイケイ
810,公社債店頭売買参考統計値,コウシャサイテントウバイバイサンコウトウケイチ
811,公社債投資信託,コウシャサイトウシシンタク
812,公社債の税金,コウシャサイノゼイキン
813,公社債,コウシャサイ
814,公証人,コウショウニン
815,公示地価,コウジチカ
816,公正証書遺言,コウセイショウショユイゴン
817,厚生年金基金,コウセイネンキンキキン
818,厚生年金保険,コウセイネンキンホケン
819,構造改革特区,コウゾウカイカクトック
820,公定歩合,コウテイブアイ
821,公的介護保険,コウテキカイゴホケン
822,公的資金,コウテキシキン
823,公的年金,コウテキネンキン
824,行動経済学,コウドウケイザイガク
825,行動ファイナンス,コウドウファイナンス
826,高配当株ファンド,コウハイトウカブファンド
827,購買力平価,コウバイリョクヘイカ
828,高頻度取引,コウヒンドトリヒキ
829,交付目論見書,コウフモクロミカキ
830,公募価格,コウボカカク
831,公募株式投資信託の税金,コウボカブシキトウシシンタクノゼイキン
832,公募株式投資信託,コウボカブシキトウシシンタク
833,公募地方債,コウボチホウサイ
834,公募投資信託,コウボトウシシンタク
835,公募,コウボ
836,効率的市場仮説,コウリツテキシジョウカセツ
837,効率的フロンティア,コウリツテキフロンティア
838,効力発生日（株式）,コウリョクハッセイニチ（カブシキ）
839,枯渇性エネルギー,コカツセイエネルギー
840,子会社,コガイシャ
841,小型株効果,コガタカブコウカ
842,国外公社債,コクガイコウシャサイ
843,国外送金等調書,コクガイソウキンナドチョウショ
844,国際会計基準審議会,コクサイカイケイキジュンシンギカイ
845,国際金融公社,コクサイキンユウコウシャ
846,国際金融センター指数,コクサイキンユウセンターシスウ
847,国際決済銀行（BIS）,コクサイケッサイギンコウ（ビs）
848,国債先物,コクサイサキモノ
849,国債市場特別参加者,コクサイシジョウトクベツサンカモノ
850,国際資本統計,コクサイシホントウケイ
851,国際収支,コクサイシュウシ
852,国際商業会議所,コクサイショウギョウカイギショ
853,国際仲裁裁判所,コクサイチュウサイサイバンショ
854,国債費,コクサイヒ
855,国際分散投資,コクサイブンサントウシ
856,国債補完供給,コクサイホカンキョウキュウ
857,国債,コクサイ
858,国税,コクゼイ
859,国内ETF,コクナイエtf
860,国内公社債,コクナイコウシャサイ
861,国内投資信託,コクナイトウシシンタク
862,国富,クニトミ
863,国民経済計算,コクミンケイザイケイサン
864,国民所得の三面等価,コクミンショトクノサンメントウカ
865,国民年金基金,コクミンネンキンキキン
866,国民年金,コクミンネンキン
867,国民負担率,コクミンフタンリツ
868,小口取引,コグチトリヒキ
869,小確り,ショウシッカリ
870,小締る,ショウテイル
871,個人消費支出,コジンショウヒシシュツ
872,個人投資家,コジントウシカ
873,個人年金保険,コジンネンキンホケン
874,個人向け国債,コジンムケコクサイ
875,コストアプローチ,コストアプローチ
876,コストプッシュインフレ,コストプッシュインフレ
877,国家戦略特区,コッカセンリャクトック
878,国庫短期証券,コッコタンキショウケン
879,固定価格買取制度,コテイカカクカイトリセイド
880,固定金利方式・共通担保資金供給オペレーション,コテイキンリホウシキ・キョウツウタンポシキンキョウキュウオペレーション
881,固定金利,コテイキンリ
882,固定資産,コテイシサン
883,固定相場制,コテイソウバセイ
884,固定長期適合率,コテイチョウキテキゴウリツ
885,固定比率,コテイヒリツ
886,固定費,コテイヒ
887,固定負債,コテイフサイ
888,子どもの貧困,コドモノヒンコン
889,コネクテッドカー,コネクテッドカー
890,個別元本,コベツガンポン
891,個別競争売買,コベツキョウソウバイバイ
892,個別決算,コベツケッサン
893,コベナンツ,コベナンツ
894,コマーシャルペーパー,コマーシャルペーパー
895,コミットイシュー,コミットイシュー
896,コミットメントライン,コミットメントライン
897,コミュニティ投資,コミュニティトウシ
898,コミングリング・リスク,コミングリング・リスク
899,コモディティスワップ,コモディティスワップ
900,小戻す,ショウモドス
901,コモフレーション,コモフレーション
902,雇用者報酬,コヨウシャホウシュウ
903,コロケーション,コロケーション
904,コンコルド効果,コンコルドコウカ
905,コンセッション,コンセッション
906,コンセンサス調査,コンセンサスチョウサ
907,混蔵保管,コンゾウホカン
908,コンティンジェント・キャピタル,コンティンジェント・キャピタル
909,コンドラチェフサイクル,コンドラチェフサイクル
910,コンプライアンス,コンプライアンス
911,コンプライ・オア・エクスプレイン,コンプライ・オア・エクスプレイン
912,コンベクシティ,コンベクシティ
913,コンベンショナル方式,コンベンショナルホウシキ
914,コーポレートアクション,コーポレートアクション
915,コーポレートガバナンス報告書,コーポレートガバナンスホウコクショ
916,コーポレートガバナンス,コーポレートガバナンス
917,コーポレートガバナンス・コード,コーポレートガバナンス・コード
918,コーポレート・ベンチャー・キャピタル（CVC）,コーポレート・ベンチャー・キャピタル（cvc）
919,コーラブル債,コーラブルサイ
920,コールオプション,コールオプション
921,コール市場,コールシジョウ
922,コールローン,コールローン
923,合成先物,ゴウセイサキモノ
924,合成の誤謬,ゴウセイノゴビュウ
925,ご祝儀相場,ゴシュウギソウバ
926,後場寄り,ゴバヨリ
927,後場,ゴバ
928,ゴルディロックス相場,ゴルディロックスソウバ
929,ゴールデンクロス,ゴールデンクロス
930,ゴールデン・パラシュート,ゴールデン・パラシュート
931,証券用語解説集,ショウケンヨウゴカイセツシュウ
932,債券格付け,サイケンカクヅケ
933,債券先物取引,サイケンサキモノトリヒキ
934,債券貸借取引,サイケンタイシャクトリヒキ
935,債券単価,サイケンタンカ
936,債券通（ボンドコネクト）,サイケントオリ（ボンドコネクト）
937,債券投資のリスク,サイケントウシノリスク
938,債権放棄,サイケンホウキ
939,債券,サイケン
940,サイコロジカルライン,サイコロジカルライン
941,最終利益,サイシュウリエキ
942,最終利回り,サイシュウリマワリ
943,歳出,サイシュツ
944,最小分散投資,サイショウブンサントウシ
945,再生可能エネルギー,サイセイカノウエネルギー
946,裁定売り,サイテイウリ
947,裁定買い,サイテイカイ
948,裁定残,サイテイザン
949,裁定取引,サイテイトリヒキ
950,再投資（投資信託）,サイトウシ（トウシシンタク）
951,歳入,サイニュウ
952,裁判外紛争解決手続き,サイバンソトフンソウカイケツテツヅキ
953,サイバー攻撃,サイバーコウゲキ
954,サイバー保険,サイバーホケン
955,債務超過,サイムチョウカ
956,最良気配,サイリョウケハイ
957,最良執行,サイリョウシッコウ
958,裁量取引,サイリョウトリヒキ
959,サウジアメリカ,サウジアメリカ
960,サウジアラビア通貨庁,サウジアラビアツウカチョウ
961,酒田五法,サカタゴホウ
962,先入先出法,センニュウセンシュツホウ
963,先高,サキダカ
964,先物取引,サキモノトリヒキ
965,先物理論価格,サキモノリロンカカク
966,先安,サキヤス
967,先渡し取引,サキワタシトリヒキ
968,差金決済,サシガネケッサイ
969,下げ足,サゲアシ
970,下げ渋る,サゲシブル
971,指し値オペ,サシアタイオペ
972,指値注文,サシネチュウモン
973,サスティナブル成長率,サスティナブルセイチョウリツ
974,サステナビリティボンド,サステナビリティボンド
975,サステナビリティー,サステナビリティー
976,サステナブル・ファイナンス,サステナブル・ファイナンス
977,サトシ・ナカモト,サトシ・ナカモト
978,サブスクリプション,サブスクリプション
979,サブファンド,サブファンド
980,サブプライムローン,サブプライムローン
981,サブLIBOR,サブlイボr
982,サプライチェーン,サプライチェーン
983,サポートライン,サポートライン
984,様変り,サマカワリ
985,サマーラリー,サマーラリー
986,サムライローン,サムライローン
987,さや,サヤ
988,サヤ取り,サヤトリ
989,申酉騒ぐ,シンユウサワグ
990,三角合併,サンカクガッペイ
991,三角保ち合い,サンカクタモチアイ
992,三角持ち合い,サンカクモチアイ
993,サンクコスト,サンクコスト
994,三市場,サンシジョウ
995,サンセット条項,サンセットジョウコウ
996,三尊型,サンゾンカタ
997,三大教書,サンダイキョウショ
998,散超,サンチョウ
999,三点童子（同時）,サンテンドウジ（ドウジ）
1000,三面等価の原則,サンメントウカノゲンソク
1001,産油国会合,サンユコクカイゴウ
1002,サーキットブレーカー,サーキットブレーカー
1003,サービサー,サービサー
1004,財形貯蓄,ザイケイチョチク
1005,在庫指数,ザイコシスウ
1006,在庫調整,ザイコチョウセイ
1007,財政再計算,ザイセイサイケイサン
1008,財政資金対民間収支,ザイセイシキンツイミンカンシュウシ
1009,財政政策,ザイセイセイサク
1010,財政投融資制度,ザイセイトウユウシセイド
1011,財政の崖,ザイセイノガケ
1012,財政ファイナンス,ザイセイファイナンス
1013,財政方式,ザイセイホウシキ
1014,財政,ザイセイ
1015,財投機関債,ザイトウキカンサイ
1016,財投債,ザイトウサイ
1017,財務キャッシュフロー,ザイムキャッシュフロー
1018,財務諸表,ザイムショヒョウ
1019,財務上の特約,ザイムウエノトクヤク
1020,財務代理人,ザイムダイリニン
1021,財務テクノロジー,ザイムテクノロジー
1022,財務４表,
1023,材料出尽くし,ザイリョウシュツツクシ
1024,材料難,ザイリョウナン
1025,材料,ザイリョウ
1026,ザラ場,ザラバ
1027,残玉,ザンタマ
1028,残存期間,ザンソンキカン
1029,残存口数,ザンソンクチスウ
1030,残余財産分配請求権,ザンヨザイサンブンパイセイキュウケン
1031,シェアリングエコノミー,シェアリングエコノミー
1032,シェールガス革命,シェールガスカクメイ
1033,塩漬け,シオヅケ
1034,シカゴIMM投機筋ポジション,シカゴイmmトウキスジポジション
1035,シカゴ購買部協会景気指数,シカゴコウバイブキョウカイケイキシスウ
1036,シカゴ・オプション取引所,シカゴ・オプショントリヒキジョ
1037,市況関連株,シキョウカンレンカブ
1038,市況産業,シキョウサンギョウ
1039,仕切売買,シキリバイバイ
1040,資金吸収額,シキンキュウシュウヒタイ
1041,資金循環統計,シキンジュンカントウケイ
1042,資金調達額,シキンチョウタツヒタイ
1043,仕組債,シクミサイ
1044,シクリカル,シクリカル
1045,資源国,シゲンクニ
1046,しこり玉,シコリタマ
1047,しこり,シコリ
1048,資産運用,シサンウンヨウ
1049,資産買い入れ基金,シサンカイイレキキン
1050,資産管理機関,シサンカンリキカン
1051,資産管理銀行,シサンカンリギンコウ
1052,資産管理,シサンカンリ
1053,資産証券化商品,シサンショウケンカショウヒン
1054,資産保管会社,シサンホカンカイシャ
1055,資産,シサン
1056,支持線,シジセン
1057,市場関与,シジョウカンヨ
1058,市場型間接金融,シジョウカタカンセツキンユウ
1059,市場期待収益率,シジョウキタイシュウエキリツ
1060,市場金利,シジョウキンリ
1061,市場経済国,シジョウケイザイクニ
1062,市場の失敗,シジョウノシッパイ
1063,市場リスク,シジョウリスク
1064,システミックリスク,システミックリスク
1065,システムトレード,システムトレード
1066,自然失業率,シゼンシツギョウリツ
1067,自然成長率,シゼンセイチョウリツ
1068,自然利子率,シゼンリシリツ
1069,下支え,シタササエ
1070,下値,シタネ
1071,市中金利,シチュウキンリ
1072,確り,シッカリ
1073,失権,シッケン
1074,執行コスト,シッコウコスト
1075,執行条件付注文,シッコウジョウケンツキチュウモン
1076,執行タイミング指定注文,シッコウタイミングシテイチュウモン
1077,執行役,シッコウヤク
1078,執行,シッコウ
1079,失念株式,シツネンカブシキ
1080,質への逃避,シツヘノトウヒ
1081,失望売り,シツボウウリ
1082,指定替え,シテイカエ
1083,指定決済法,シテイケッサイホウ
1084,仕手株,シテカブ
1085,私的年金,シテキネンキン
1086,品薄株,シナウスカブ
1087,品貸料,シナガシリョウ
1088,シナジー効果,シナジーコウカ
1089,シニア債,シニアサイ
1090,支払調書,シハライチョウショ
1091,支払手形,シハライテガタ
1092,四半期配当,シハンキハイトウ
1093,四半期別GDP速報,シハンキベツgdpソクホウ
1094,四半期,シハンキ
1095,資本規制,シホンキセイ
1096,資本金,シホンキン
1097,資本コスト,シホンコスト
1098,資本準備金,シホンジュンビキン
1099,資本剰余金,シホンジョウヨキン
1100,資本注入,シホンチュウニュウ
1101,資本保全バッファー,シホンホゼンバッファー
1102,資本,シホン
1103,私募投資信託,シボトウシシンタク
1104,私募,シボ
1105,締る,テイル
1106,シムズ理論,シムズリロン
1107,指名委員会等設置会社,シメイイインカイナドセッチカイシャ
1108,社会保険方式,シャカイホケンホウシキ
1109,社外監査役,シャガイカンサヤク
1110,社外取締役,シャガイトリシマリヤク
1111,社債間限定同順位特約,シャサイカンゲンテイドウジュンイトクヤク
1112,社債管理者,シャサイカンリシャ
1113,社債権者,シャサイゴンジャ
1114,社債の取引情報の報告・発表制度,シャサイノトリヒキジョウホウノホウコク・ハッピョウセイド
1115,社債,シャサイ
1116,シャドーエコノミー,シャドーエコノミー
1117,シャドーバンキング,シャドーバンキング
1118,上海A株,シャンハイアカブ
1119,上海総合指数,シャンハイソウゴウシスウ
1120,上海B株,シャンハイbカブ
1121,上海・香港ストック・コネクト,シャンハイ・ホンコンストック・コネクト
1122,シャープレシオ,シャープレシオ
1123,週足,シュウアシ
1124,収益分配金,シュウエキブンパイキン
1125,終活,オワリカツ
1126,終身雇用,シュウシンコヨウ
1127,終身年金,シュウシンネンキン
1128,終身保険,シュウシンホケン
1129,囚人のジレンマ,シュウジンノジレンマ
1130,修正株価,シュウセイカブカ
1131,集団行動条項,シュウダンコウドウジョウコウ
1132,集団投資スキーム,シュウダントウシスキーム
1133,主幹事会社,シュカンコトカイシャ
1134,出庫,シュッコ
1135,取得原価主義,シュトクゲンカシュギ
1136,主要株主,シュヨウカブヌシ
1137,主力株,シュリョクカブ
1138,種類株式,シュルイカブシキ
1139,償還期日,ショウカンキジツ
1140,償還金（投資信託）,ショウカンキン（トウシシンタク）
1141,償還差益・償還差損,ショウカンサエキ・ショウカンサソン
1142,障害基礎年金,ショウガイキソネンキン
1143,小規模宅地の特例,ショウキボタクチノトクレイ
1144,商業銀行,ショウギョウギンコウ
1145,証券監督者国際機構,ショウケンカントクシャコクサイキコウ
1146,証券化,ショウケンカ
1147,証券会社,ショウケンガイシャ
1148,証券外務員,ショウケンガイムイン
1149,証券金融会社,ショウケンキンユウカイシャ
1150,証券コード,ショウケンコード
1151,証券市場,ショウケンシジョウ
1152,証券総合口座,ショウケンソウゴウコウザ
1153,証券取引所の株式会社化,ショウケントリヒキジョノカブシキガイシャカ
1154,証券取引所,ショウケントリヒキジョ
1155,証券取引等監視委員会,ショウケントリヒキナドカンシイインカイ
1156,証券取引法,ショウケントリヒキホウ
1157,証券保管振替機構,ショウケンホカンフリカエキコウ
1158,証拠金,ショウコキン
1159,商号変更,ショウゴウヘンコウ
1160,少数株主権,ショウスウカブヌシケン
1161,少数株主持分,ショウスウカブヌシモチブン
1162,少数株主,ショウスウカブヌシ
1163,消費活動指数,ショウヒカツドウシスウ
1164,消費関連株,ショウヒカンレンカブ
1165,消費財,ショウヒザイ
1166,消費者信頼感指数,ショウヒシャシンライカンシスウ
1167,消費者態度指数,ショウヒシャタイドシスウ
1168,消費者物価指数（CPI）,ショウヒシャブッカシスウ（cピ）
1169,消費動向指数,ショウヒドウコウシスウ
1170,消費動向調査,ショウヒドウコウチョウサ
1171,商品ファンド,ショウヒンファンド
1172,商法,ショウホウ
1173,職場つみたてNISA,ショクバツミタテニサ
1174,所得控除,ショトクコウジョ
1175,所得税,ショトクゼイ
1176,所得の種類,ショトクノシュルイ
1177,所有期間利回り,ショユウキカンリマワリ
1178,ショーグン債,ショーグンサイ
1179,ショートカバー,ショートカバー
1180,ショートターミズム,ショートターミズム
1181,ショートポジション,ショートポジション
1182,シラーPER,シラーペr
1183,シリアル限月,シリアルゲンゲツ
1184,新株落ち,シンカブオチ
1185,新株発行,シンカブハッコウ
1186,新株引受権付社債,シンカブヒキウケケンツキシャサイ
1187,新株引受権,シンカブヒキウケケン
1188,新株予約権付社債,シンカブヨヤクケンツキシャサイ
1189,新株予約権,シンカブヨヤクケン
1190,新株,シンカブ
1191,シンガポール銀行間取引,シンガポールギンコウカントリヒキ
1192,シンガポール・ケロシン,シンガポール・ケロシン
1193,新規暗号資産公開（ICO）,シンキアンゴウシサンコウカイ（イcオ）
1194,新規求人倍率,シンキキュウジンバイリツ
1195,新規公開,シンキコウカイ
1196,シンギュラリティ,シンギュラリティ
1197,新興国通貨,シンコウコクツウカ
1198,新興市場,シンコウシジョウ
1199,申告分離課税,シンコクブンリカゼイ
1200,シンジケートローン,シンジケートローン
1201,深センA株,シンセンアカブ
1202,深センB株,シンセンbカブ
1203,親族,シンゾク
1204,新高値,シンタカネ
1205,信託型ライツプラン,シンタクカタライツプラン
1206,信託期間の延長,シンタクキカンノエンチョウ
1207,信託期間,シンタクキカン
1208,信託協会,シンタクキョウカイ
1209,信託契約,シンタクケイヤク
1210,信託財産の分別管理,シンタクザイサンノフンベツカンリ
1211,信託財産留保額,シンタクザイサンリュウホヒタイ
1212,信託財産,シンタクザイサン
1213,信託報酬,シンタクホウシュウ
1214,信託約款,シンタクヤッカン
1215,信託,シンタク
1216,新築住宅販売件数,シンチクジュウタクハンバイケンスウ
1217,新長期プライムレート,シンチョウキプライムレート
1218,新値足,シンネアシ
1219,新値三本足,シンネサンボンアシ
1220,新甫発会,シンホハッカイ
1221,新窓販国債,シンマドハンコクサイ
1222,新安値,シンアンアタイ
1223,信用買い残・売り残,シンヨウカイザン・ウリザン
1224,信用緩和,シンヨウカンワ
1225,信用危機,シンヨウキキ
1226,信用残,シンヨウザン
1227,信用収縮,シンヨウシュウシュク
1228,信用乗数,シンヨウジョウスウ
1229,信用取引現在高,シンヨウトリヒキゲンザイダカ
1230,信用取引銘柄,シンヨウトリヒキメイガラ
1231,信用取引,シンヨウトリヒキ
1232,信用倍率,シンヨウバイリツ
1233,信用評価損益率,シンヨウヒョウカソンエキリツ
1234,信用リスク,シンヨウリスク
1235,心理的節目,シンリテキフシメ
1236,C重油,cジュウユ
1237,シーズンストック,シーズンストック
1238,CDS指数,cdsシスウ
1239,地合い,ジアイ
1240,JS Price,js pリcエ
1241,Jカーブ効果,jカーブコウカ
1242,自益権,ジエキケン
1243,時価会計,ジカカイケイ
1244,時価総額,ジカソウガク
1245,時価発行新株予約権信託,ジカハッコウシンカブヨヤクケンシンタク
1246,時価発行増資,ジカハッコウゾウシ
1247,時価評価額,ジカヒョウカヒタイ
1248,時間軸政策,ジカンジクセイサク
1249,時間的価値,ジカンテキカチ
1250,時間優先の原則,ジカンユウセンノゲンソク
1251,直物取引,ジキモノトリヒキ
1252,事業再生ＡＤＲ,
1253,事業債,ジギョウサイ
1254,事業承継,ジギョウショウケイ
1255,事業譲渡,ジギョウジョウト
1256,事業報告,ジギョウホウコク
1257,時系列チャート,ジケイレツチャート
1258,自己株式取得,ジコカブシキシュトク
1259,自己株式の処分,ジコカブシキノショブン
1260,自己資本比率,ジコシホンヒリツ
1261,自己資本,ジコシホン
1262,自己売買,ジコバイバイ
1263,自社株買い,ジシャカブカイ
1264,自社株評価,ジシャカブヒョウカ
1265,自主廃業,ジシュハイギョウ
1266,自信過剰バイアス,ジシンカジョウバイアス
1267,次世代エコカー,ジセダイエコカー
1268,事前警告型防衛策,ジゼンケイコクカタボウエイサク
1269,実効為替レート,ジッコウカワセレート
1270,実質為替レート,ジッシツカワセレート
1271,実質金利,ジッシツキンリ
1272,実質GDP,ジッシツgdp
1273,実質破綻時免除特約,ジッシツハタントキメンジョトクヤク
1274,実現損益,ジツゲンソンエキ
1275,実需,ジツジュ
1276,実物経済,ジツブツケイザイ
1277,実物資本,ジツブツシホン
1278,自動移換,ジドウイカン
1279,自動継続投資コース,ジドウケイゾクトウシコース
1280,ジニ係数,ジニケイスウ
1281,ジニーメイ,ジニーメイ
1282,地場受け,ジバウケ
1283,地場証券,ジバショウケン
1284,自筆証書遺言,ジヒツショウショユイゴン
1285,ジム・ロジャーズ,ジム・ロジャーズ
1286,ジャクソンホール会議,ジャクソンホールカイギ
1287,ジャパン・パッシング,ジャパン・パッシング
1288,ジャンクボンド,ジャンクボンド
1289,受遺者,ジュイモノ
1290,十字線,ジュウジセン
1291,従属人口指数,ジュウゾクジンコウシスウ
1292,住宅金融支援機構,ジュウタクキンユウシエンキコウ
1293,住民税,ジュウミンゼイ
1294,重要業績評価指標,ジュウヨウギョウセキヒョウカシヒョウ
1295,重要事実,ジュウヨウジジツ
1296,受益権,ジュエキケン
1297,受益者,ジュエキシャ
1298,受益証券,ジュエキショウケン
1299,需給ギャップ,ジュキュウギャップ
1300,受給権,ジュキュウケン
1301,ジュグラーサイクル,ジュグラーサイクル
1302,授権資本,ジュケンシホン
1303,受託銀行,ジュタクギンコウ
1304,受託者責任,ジュタクモノセキニン
1305,ジュニア債,ジュニアサイ
1306,ジュニアNISA,ジュニアニサ
1307,準大手証券,ジュンオオテショウケン
1308,準確定申告,ジュンカクテイシンコク
1309,循環株投資,ジュンカンカブトウシ
1310,循環株,ジュンカンカブ
1311,循環買い,ジュンカンカイ
1312,循環物色,ジュンカンブッショク
1313,純資産総額,ジュンシサンソウガク
1314,純資産,ジュンシサン
1315,準通貨,ジュンツウカ
1316,純投資,ジュントウシ
1317,順張り,ジュンハリ
1318,準備預金,ジュンビヨキン
1319,自由金利,ジユウキンリ
1320,自由貿易協定,ジユウボウエキキョウテイ
1321,上昇基調,ジョウショウキチョウ
1322,上昇局面,ジョウショウキョクメン
1323,上場インフラファンド,ジョウジョウインフラファンド
1324,上場基準,ジョウジョウキジュン
1325,上場制度,ジョウジョウセイド
1326,上場廃止,ジョウジョウハイシ
1327,上場銘柄,ジョウジョウメイガラ
1328,上場,ジョウジョウ
1329,譲渡制限株式,ジョウトセイゲンカブシキ
1330,上方修正,ジョウホウシュウセイ
1331,情報の非対称性,ジョウホウノヒタイショウセイ
1332,剰余金,ジョウヨキン
1333,除権決定,ジョケンケッテイ
1334,除数,ジョスウ
1335,ジョージ・ソロス,ジョージ・ソロス
1336,ジリ高,ジリタカ
1337,自律反発狙いの買い,ジリツハンパツネライノカイ
1338,ジリ安,ジリアン
1339,人口オーナス,ジンコウオーナス
1340,人口ボーナス,ジンコウボーナス
1341,人生100年時代,
1342,GDP成長率,gdpセイチョウリツ
1343,GDP成長率の読み方,gdpセイチョウリツノヨミカタ
1344,GDPデフレーター,gdpデフレーター
1345,スイッチング,スイッチング
1346,推定相続人の廃除,スイテイソウゾクニンノハイジョ
1347,推定相続人,スイテイソウゾクニン
1348,スイングトレード,スイングトレード
1349,スウェットエクイティ,スウェットエクイティ
1350,スキャルピング,スキャルピング
1351,スキュー指数,スキューシスウ
1352,スクリーニング,スクリーニング
1353,スタイルインデックス,スタイルインデックス
1354,スタグフレーション,スタグフレーション
1355,スタンダード市場,スタンダードシジョウ
1356,スチュワードシップコード,スチュワードシップコード
1357,スティープ化,スティープカ
1358,ステルス・テーパリング,ステルス・テーパリング
1359,ステークホルダー,ステークホルダー
1360,ステーブルコイン,ステーブルコイン
1361,ステープル証券,ステープルショウケン
1362,ストキャスティクス,ストキャスティクス
1363,ストックオプション,ストックオプション
1364,ストックレンディング,ストックレンディング
1365,ストップ高比例配分・ストップ安比例配分,ストップタカヒレイハイブン・ストップアッピレイハイブン
1366,ストラテジスト,ストラテジスト
1367,ストラテジック・バイヤー,ストラテジック・バイヤー
1368,ストラテジー取引,ストラテジートリヒキ
1369,ストラドル,ストラドル
1370,ストラングル,ストラングル
1371,ストリップス債,ストリップスサイ
1372,ストリートサイド,ストリートサイド
1373,ストレステスト,ストレステスト
1374,スピンアウト,スピンアウト
1375,スピンオフ税制,スピンオフゼイセイ
1376,スピンオフ,スピンオフ
1377,スプリットオフ,スプリットオフ
1378,スプレッド取引,スプレッドトリヒキ
1379,スプレッド,スプレッド
1380,スペキュレーション取引,スペキュレーショントリヒキ
1381,スペキュレーター,スペキュレーター
1382,スペグジット,スペグジット
1383,スポット型投資信託,スポットカタトウシシンタク
1384,スポットレート,スポットレート
1385,スポネ,スポネ
1386,スマイルカーブ,スマイルカーブ
1387,スマートグリッド,スマートグリッド
1388,スマートシティ,スマートシティ
1389,スマートハウス,スマートハウス
1390,スマートベータ指数,スマートベータシスウ
1391,スマート・ワーク経営,スマート・ワークケイエイ
1392,スモールティック,スモールティック
1393,スラック,スラック
1394,スリッページ,スリッページ
1395,スローストキャスティクス,スローストキャスティクス
1396,スローハンド型防衛策,スローハンドカタボウエイサク
1397,スワップ執行ファシリティ,スワップシッコウファシリティ
1398,スワップション,スワップション
1399,スワップポイント,スワップポイント
1400,スワップ,スワップ
1401,スーパーチューズデー,スーパーチューズデー
1402,生活意識に関するアンケート調査,セイカツイシキニカンスルアンケートチョウサ
1403,正規分布,セイキブンプ
1404,請求目論見書,セイキュウモクロミカキ
1405,政策投資,セイサクトウシ
1406,政策に売りなし,セイサクニウリナシ
1407,生産財,セイサンザイ
1408,清算値段,セイサンネダン
1409,清算分配金,セイサンブンパイキン
1410,生鮮食品及びエネルギーを除く総合指数,セイセンショクヒンオヨビエネルギーヲノゾクソウゴウシスウ
1411,生前贈与,セイゼンゾウヨ
1412,成長株投資,セイチョウカブトウシ
1413,成長株,セイチョウカブ
1414,制度信用取引,セイドシンヨウトリヒキ
1415,成年後見制度,セイネンコウケンセイド
1416,政府経済見通し,セイフケイザイミトオシ
1417,政府系ファンド,セイフケイファンド
1418,政府短期証券,セイフタンキショウケン
1419,政府保証債,セイフホショウサイ
1420,整理銘柄,セイリメイガラ
1421,世界銀行,セカイギンコウ
1422,世界貿易機関（WTO),セカイボウエキキカン（wト)
1423,セカンダリーマーケット,セカンダリーマーケット
1424,セキュリティ・トークン,セキュリティ・トークン
1425,セキュリティ・トークン・オファリング（STO）,セキュリティ・トークン・オファリング（sト）
1426,セクターアナリスト,セクターアナリスト
1427,セクターファンド,セクターファンド
1428,セクターローテーション,セクターローテーション
1429,世代会計,セダイカイケイ
1430,設定日,セッテイニチ
1431,節分天井・彼岸底,セツブンテンジョウ・ヒガンソコ
1432,セデル,セデル
1433,攻めのIT経営銘柄,セメノイtケイエイメイガラ
1434,セリング,セリング
1435,セリング・クライマックス,セリング・クライマックス
1436,セルサイド,セルサイド
1437,セレクトファンド,セレクトファンド
1438,宣言的決議,センゲンテキケツギ
1439,先行指数,センコウシスウ
1440,潜在株式,センザイカブシキ
1441,潜在GDP,センザイgdp
1442,潜在成長率,センザイセイチョウリツ
1443,選択権付き為替予約,センタクケンツキカワセヨヤク
1444,選択権付債券売買,センタクケンツキサイケンバイバイ
1445,選択的債務不履行,センタクテキサイムフリコウ
1446,セントレックス,セントレックス
1447,先導株比率,センドウカブヒリツ
1448,セータ,セータ
1449,セーフティネット,セーフティネット
1450,セーフハーバー・ルール,セーフハーバー・ルール
1451,税金,ゼイキン
1452,税効果会計,ゼイコウカカイケイ
1453,税効果資本,ゼイコウカシホン
1454,税引前当期利益,ゼイビキマエトウキリエキ
1455,税引利益,ゼイビキリエキ
1456,税方式,ゼイホウシキ
1457,絶対期日,ゼッタイキジツ
1458,絶対収益追求型投資信託,ゼッタイシュウエキツイキュウカタトウシシンタク
1459,ゼロ金利政策,ゼロキンリセイサク
1460,ゼロクーポン債,ゼロクーポンサイ
1461,ゼロサムゲーム,ゼロサムゲーム
1462,全国銀行協会,ゼンコクギンコウキョウカイ
1463,前日終値,ゼンジツオワリネ
1464,前日比,ゼンジツヒ
1465,全人代,ゼンジンダイ
1466,前場,ゼンバ
1467,前引け,ゼンビケケ
1468,全面高,ゼンメンタカ
1469,全面安,ゼンメンアン
1470,相関係数,ソウカンケイスウ
1471,総還元性向,ソウカンゲンセイコウ
1472,総雇用者所得,ソウコヨウシャショトク
1473,総合課税,ソウゴウカゼイ
1474,総合特区,ソウゴウトック
1475,相互会社,ソウゴカイシャ
1476,総資本回転率,ソウシホンカイテンリツ
1477,相次相続控除,アイツギソウゾクコウジョ
1478,相続開始,ソウゾクカイシ
1479,相続欠格,ソウゾクケッカク
1480,相続時精算課税制度,ソウゾクトキセイサンカゼイセイド
1481,相続税の基礎控除,ソウゾクゼイノキソコウジョ
1482,相続税,ソウゾクゼイ
1483,相続放棄,ソウゾクホウキ
1484,相対パフォーマンス,ソウタイパフォーマンス
1485,相対力指数（RSI）,ソウタイチカラシスウ（rシ）
1486,想定為替レート,ソウテイカワセレート
1487,相場操縦行為,ソウバソウジュウコウイ
1488,相場付き,ソウバツキ
1489,相場のことは相場にきけ,ソウバノコトハソウバニキケ
1490,相場,ソウバ
1491,底入れ,ソコイレ
1492,底堅い,ソコガタイ
1493,底を打つ,ソコヲウツ
1494,底をつく,ソコヲツク
1495,底,ソコ
1496,租税条約,ソゼイジョウヤク
1497,外枠方式,ソトワクホウシキ
1498,備えあれば迷いなし,ソナエアレバマヨイナシ
1499,その他剰余金,ソノホカジョウヨキン
1500,ソフトダラー,ソフトダラー
1501,ソフトランディング,ソフトランディング
1502,ソブリンウェルスファンド,ソブリンウェルスファンド
1503,ソブリン債,ソブリンサイ
1504,ソブリンシーリング,ソブリンシーリング
1505,ソブリンリスク,ソブリンリスク
1506,ソリシター,ソリシター
1507,ソルベンシーマージン比率,ソルベンシーマージンヒリツ
1508,ソロスチャート,ソロスチャート
1509,損益計算書,ソンエキケイサンショ
1510,損益通算,ソンエキツウサン
1511,損益分岐点,ソンエキブンキテン
1512,損切り,ソンギリリ
1513,ソーシャルボンド,ソーシャルボンド
1514,ソーシャルレンディング,ソーシャルレンディング
1515,ソーシャル・インパクト・ボンド,ソーシャル・インパクト・ボンド
1516,ソーシャル・トレーディング,ソーシャル・トレーディング
1517,増益率,ゾウエキリツ
1518,増資,ゾウシ
1519,増配,ゾウハイ
1520,贈与税,ゾウヨゼイ
1521,続伸,ゾクシン
1522,続落,ゾクラク
1523,証券用語解説集,ショウケンヨウゴカイセツシュウ
1524,耐久財受注,タイキュウザイジュチュウ
1525,対顧客相場,ツイコキャクソウバ
1526,貸借対照表,タイシャクタイショウヒョウ
1527,貸借取引,タイシャクトリヒキ
1528,貸借倍率,タイシャクバイリツ
1529,貸借銘柄,タイシャクメイガラ
1530,退職給付会計,タイショクキュウフカイケイ
1531,退職給付債務,タイショクキュウフサイム
1532,退職給付信託,タイショクキュウフシンタク
1533,退職所得控除,タイショクショトクコウジョ
1534,対当売買,タイトウバイバイ
1535,タイムディケイ,タイムディケイ
1536,大量保有報告書,タイリョウホユウホウコクショ
1537,高値覚え,タカネオボエ
1538,高値づかみ,タカネヅカミ
1539,高値引け,タカネヒケ
1540,高値,タカネ
1541,タカ派,タカハ
1542,多議決権種類株,タギケツケンシュルイカブ
1543,タクティカル・アセット・アロケーション,タクティカル・アセット・アロケーション
1544,他社株償還条項付債,タシャカブショウカンジョウコウツキサイ
1545,多重代表訴訟,タジュウダイヒョウソショウ
1546,立会外取引,タチアイソトトリヒキ
1547,立会外分売,タチアイガイブンバイ
1548,立会時間,タチアイジカン
1549,立会場,タチアイバ
1550,立会内取引,タチアイナイトリヒキ
1551,タックス・ヘイブン,タックス・ヘイブン
1552,建玉,タテギョク
1553,棚卸資産回転率,タナオロシシサンカイテンリツ
1554,棚卸資産,タナオロシシサン
1555,他人資本,タニンシホン
1556,卵は一つのカゴに盛るな,タマゴハヒトツノカゴニモルナ
1557,単位型投資信託,タンイカタトウシシンタク
1558,単一市場,タンイツシジョウ
1559,単位労働コスト,タンイロウドウコスト
1560,短観加重平均D.I.,
1561,短期金融資産,タンキキンユウシサン
1562,短期金融市場,タンキキンユウシジョウ
1563,短期金利,タンキキンリ
1564,短期継続融資,タンキケイゾクユウシ
1565,短期公社債投資信託,タンキコウシャサイトウシシンタク
1566,短期債務格付け,タンキサイムカクヅケ
1567,短期プライムレート,タンキプライムレート
1568,単元株制度,タンゲンカブセイド
1569,単元未満株の取扱い,タンゲンミマンカブノトリアツカイ
1570,単元未満株,タンゲンミマンカブ
1571,探鉱権益,タンコウケンエキ
1572,短資会社,タンシカイシャ
1573,単純承認,タンジュンショウニン
1574,単純平均株価,タンジュンヘイキンカブカ
1575,タンス株券,タンスカブケン
1576,単独株主権,タンドクカブヌシケン
1577,担保掛け目,タンポカケメ
1578,担保,タンポ
1579,単利,タンリ
1580,ターゲットイヤーファンド,ターゲットイヤーファンド
1581,ターゲット・デート・ファンド,ターゲット・デート・ファンド
1582,タームプレミアム,タームプレミアム
1583,タームローン,タームローン
1584,第1号被保険者,
1585,第2号被保険者,
1586,第3号被保険者,
1587,第一部市場、第二部市場,
1588,大会社,ダイガイシャ
1589,代行協会員,ダイコウキョウカイイン
1590,代行部分,ダイコウブブン
1591,代行返上,ダイコウヘンジョウ
1592,大災害債券,ダイサイガイサイケン
1593,第三者割当処分,ダイサンシャワリアテショブン
1594,第三者割当増資,ダイサンシャワリアテゾウシ
1595,代襲相続,ダイシュウソウゾク
1596,代償分割,ダイショウブンカツ
1597,大統領令,ダイトウリョウレイ
1598,ダイナミックヘッジ,ダイナミックヘッジ
1599,ダイナミック・アセット・アロケーション,ダイナミック・アセット・アロケーション
1600,大納会,ダイノウカイ
1601,大発会,ダイハッカイ
1602,ダイバーシティ,ダイバーシティ
1603,代表取締役,ダイヒョウトリシマリヤク
1604,ダイベストメント,ダイベストメント
1605,大名債,ダイミョウサイ
1606,代用有価証券,ダイヨウユウカショウケン
1607,第4次産業革命,
1608,ダイレクトリスティング,ダイレクトリスティング
1609,ダウ工業株30種平均,
1610,ダウンサイド確率,ダウンサイドカクリツ
1611,打診売り,ダシンウリ
1612,打診買い,ダシンカイ
1613,ダッシュ,ダッシュ
1614,ダブルレバレッジ,ダブルレバレッジ
1615,ダボス会議,ダボスカイギ
1616,だれる,ダレル
1617,ダークプール,ダークプール
1618,地域経済報告（さくらレポート）,チイキケイザイホウコク（サクラレポート）
1619,遅行指数,チコウシスウ
1620,地政学的リスク,チセイガクテキリスク
1621,地方債,チホウサイ
1622,地方税,チホウゼイ
1623,チャイナリスク,チャイナリスク
1624,チャイニーズウォール,チャイニーズウォール
1625,着地取引,チャクチトリヒキ
1626,ちゃぶつく,チャブツク
1627,チャートの見方,チャートノミカタ
1628,チャート分析,チャートブンセキ
1629,チャート,チャート
1630,注意銘柄,チュウイメイガラ
1631,中間配当,チュウカンハイトウ
1632,中会社,ナカカイシャ
1633,中堅証券,チュウケンショウケン
1634,中古住宅販売件数,チュウコジュウタクハンバイケンスウ
1635,中古住宅販売成約指数,チュウコジュウタクハンバイセイヤクシスウ
1636,中国株式,チュウゴクカブシキ
1637,中国総合消費トラッカー,チュウゴクソウゴウショウヒトラッカー
1638,中国・四国インデックス,チュウゴク・シコクインデックス
1639,中進国,チュウシンクニ
1640,忠実義務,チュウジツギム
1641,超過準備,チョウカジュンビ
1642,長期金融市場,チョウキキンユウシジョウ
1643,長期金利,チョウキキンリ
1644,長期公社債投資信託,チョウキコウシャサイトウシシンタク
1645,長期債務格付け,チョウキサイムカクヅケ
1646,長期プライムレート,チョウキプライムレート
1647,調整,チョウセイ
1648,超長期国債先物取引,チョウチョウキコクサイサキモノトリヒキ
1649,提灯をつける,テイトウヲツケル
1650,直接金融,チョクセツキンユウ
1651,直接利回り,チョクセツリマワリ
1652,直系尊属,チョッケイソンゾク
1653,直系卑属,チョッケイヒゾク
1654,チョッピー,チョッピー
1655,賃上げETF,チンアゲエtf
1656,賃上げ,チンアゲ
1657,追加型投資信託,ツイカカタトウシシンタク
1658,ツイスト・オペ,ツイスト・オペ
1659,通貨オプション,ツウカオプション
1660,通貨切下げ,ツウカキリサゲ
1661,通貨戦争,ツウカセンソウ
1662,通貨選択型投資信託,ツウカセンタクカタトウシシンタク
1663,通貨バスケット制,ツウカバスケットセイ
1664,通貨マフィア,ツウカマフィア
1665,月足,ツキアシ
1666,突込み売り,ツッコミウリ
1667,突っ込み買い,ツッコミカイ
1668,突っ込む,ツッコム
1669,つなぎ売り,ツナギウリ
1670,積立投資,ツミタテトウシ
1671,つみたてNISA,ツミタテニサ
1672,積立方式,ツミタテホウシキ
1673,強含み横バイ,ツヨフクミミヨコバイ
1674,強含み,ツヨフクミミ
1675,連れ高,ツレタカ
1676,連れ安,ツレアン
1677,Tier1（基本的項目）,
1678,ティッカーシンボル,ティッカーシンボル
1679,Tick,チck
1680,TIPs,チps
1681,ティン・パラシュート,ティン・パラシュート
1682,TDnet,tdネt
1683,低位株,テイイカブ
1684,定款,テイカン
1685,定額年金保険,テイガクネンキンホケン
1686,定期金に関する権利,テイキキンニカンスルケンリ
1687,定期昇給,テイキショウキュウ
1688,抵抗線,テイコウセン
1689,定時償還（債券）,テイジショウカン（サイケン）
1690,定時償還（投資信託）,テイジショウカン（トウシシンタク）
1691,定時定型投資信託,テイジテイケイトウシシンタク
1692,定性評価,テイセイヒョウカ
1693,抵当証券,テイトウショウケン
1694,低PER効果,テイペrコウカ
1695,低ボラティリティ運用,テイボラティリティウンヨウ
1696,テイラールール,テイラールール
1697,定量評価,テイリョウヒョウカ
1698,手掛かり難,テガカリナン
1699,手形売買市場,テガタバイバイシジョウ
1700,適温相場,テキオンソウバ
1701,適格機関投資家等特例業務,テキカクキカントウシカナドトクレイギョウム
1702,適格機関投資家,テキカクキカントウシカ
1703,適格退職年金,テキカクタイショクネンキン
1704,適債基準,テキサイキジュン
1705,適時開示,テキジカイジ
1706,敵対的TOB,テキタイテキトb
1707,敵対的買収,テキタイテキバイシュウ
1708,適用為替,テキヨウカワセ
1709,テクニカル指標,テクニカルシヒョウ
1710,テクニカル分析,テクニカルブンセキ
1711,手口,テグチ
1712,手じまい売り,テジマイウリ
1713,手仕舞い,テシマイ
1714,テック・パルス指数,テック・パルスシスウ
1715,手詰まり,テヅマリ
1716,テナースワップ,テナースワップ
1717,手控え,テビカエエ
1718,手元流動性,テモトリュウドウセイ
1719,テレマティクス保険,テレマティクスホケン
1720,テレワーク,テレワーク
1721,転換価格,テンカンカカク
1722,転換権付配当優先株式,テンカンケンツキハイトウユウセンカブシキ
1723,転換社債型新株予約権付社債,テンカンシャサイカタシンカブヨヤクケンツキシャサイ
1724,転換点,テンカンテン
1725,天候デリバティブ,テンコウデリバティブ
1726,点心債,テンシンサイ
1727,天井三日底百日,テンジョウミッカソコヒャクニチ
1728,天井,テンジョウ
1729,店頭FX,テントウfx
1730,店頭オプション,テントウオプション
1731,店頭市場,テントウシジョウ
1732,店頭デリバティブ,テントウデリバティブ
1733,店頭取引（債券市場）,テントウトリヒキ（サイケンシジョウ）
1734,テンバガー,テンバガー
1735,展望レポート,テンボウレポート
1736,テーパリング,テーパリング
1737,テーマ型ファンド,テーマカタファンド
1738,テールリスク,テールリスク
1739,テール,テール
1740,出合い,デアイ
1741,ディスインフレーション,ディスインフレーション
1742,ディスカウントブローカー,ディスカウントブローカー
1743,ディスカウント・ファクター,ディスカウント・ファクター
1744,ディスクロージャー,ディスクロージャー
1745,ディフェンシブストック,ディフェンシブストック
1746,DCF法,dcfホウ
1747,ディーラー,ディーラー
1748,ディーリング,ディーリング
1749,デイトレード,デイトレード
1750,デカップリング,デカップリング
1751,出来高10位占有率,
1752,出来高,デキダカ
1753,出口戦略,デグチセンリャク
1754,デジタル・クーポン債,デジタル・クーポンサイ
1755,デットアサンプション,デットアサンプション
1756,デットファイナンス,デットファイナンス
1757,デット・エクイティ・スワップ,デット・エクイティ・スワップ
1758,デット・デット・スワップ,デット・デット・スワップ
1759,デッドクロス,デッドクロス
1760,デッドハンド型防衛策,デッドハンドカタボウエイサク
1761,デッド・キャット・バウンス,デッド・キャット・バウンス
1762,出直り,シュツナオリ
1763,デフォルト,デフォルト
1764,デフレギャップ,デフレギャップ
1765,デフレスパイラル,デフレスパイラル
1766,デフレマインド,デフレマインド
1767,デフレーション,デフレーション
1768,デュアルカレンシー債,デュアルカレンシーサイ
1769,デュレーション,デュレーション
1770,デューデリジェンス,デューデリジェンス
1771,デリバティブ,デリバティブ
1772,デルタヘッジ,デルタヘッジ
1773,デルタ,デルタ
1774,電子交付,デンシコウフ
1775,電子申告（e-Tax）,
1776,電力債,デンリョクサイ
1777,電力融通,デンリョクユウヅウ
1778,データポータビリティー,データポータビリティー
1779,データマイニング,データマイニング
1780,東海三県インデックス,トウカイサンケンインデックス
1781,当期純利益,トウキジュンリエキ
1782,投機的格付け,トウキテキカクヅケ
1783,投機的水準,トウキテキスイジュン
1784,東京ゴールドスポット100（金限日取引）,
1785,東京証券取引所,トウキョウショウケントリヒキジョ
1786,東京商品取引所,トウキョウショウヒントリヒキジョ
1787,東京レポ・レート,トウキョウレポ・レート
1788,等金額リバランス,ナドキンガクリバランス
1789,投機,トウキ
1790,当限,トウギリ
1791,統合報告書,トウゴウホウコクショ
1792,統合報告,トウゴウホウコク
1793,当座資産,トウザシサン
1794,当座比率,トウザヒリツ
1795,当座預金,トウザヨキン
1796,投資一任契約,トウシイチニンケイヤク
1797,投資型年金保険,トウシカタネンキンホケン
1798,投資キャッシュフロー,トウシキャッシュフロー
1799,投資銀行,トウシギンコウ
1800,投資顧問業,トウシコモンギョウ
1801,投資財,トウシザイ
1802,投資者保護基金,トウシモノホゴキキン
1803,投資信託協会,トウシシンタクキョウカイ
1804,投資信託説明書,トウシシンタクセツメイショ
1805,投資信託のコンセプト,トウシシンタクノコンセプト
1806,投資信託振替制度,トウシシンタクフリカエセイド
1807,投資信託法,トウシシンタクホウ
1808,投資信託,トウシシンタク
1809,投資事業有限責任組合,トウシジギョウユウゲンセキニンクミアイ
1810,投資その他の資産,トウシソノホカノシサン
1811,投資適格債,トウシテキカクサイ
1812,投資適格,トウシテキカク
1813,投資の三原則,トウシノミハラノリ
1814,投資ファンド,トウシファンド
1815,投資部門別株式売買状況,トウシブモンベツカブシキバイバイジョウキョウ
1816,投資部門別取引状況,トウシブモンベツトリヒキジョウキョウ
1817,投資法人債,トウシホウジンサイ
1818,投資法人,トウシホウジン
1819,投資有価証券,トウシユウカショウケン
1820,東証アローヘッド,トウショウアローヘッド
1821,東証外国株,トウショウガイコクカブ
1822,東証銀行業株価指数先物取引,トウショウギンコウギョウカブカシスウサキモノトリヒキ
1823,東証配当フォーカス100指数,
1824,東証Mothers,トウショウモtヘrs
1825,投資,トウシ
1826,当日決済取引,トウジツケッサイトリヒキ
1827,掉尾の一振,チョウビノイチシン
1828,東北インデックス,トウホクインデックス
1829,騰落率,トウラクリツ
1830,騰落レシオ,トウラクレシオ
1831,登録株,トウロクカブ
1832,登録金融機関,トウロクキンユウキカン
1833,登録債,トウロクサイ
1834,特殊法人,トクシュホウジン
1835,特設注意市場銘柄,トクセツチュウイシジョウメイガラ
1836,特定空家,トクテイアキヤ
1837,特定遺贈,トクテイイゾウ
1838,特定金銭信託,トクテイキンセンシンタク
1839,特定口座,トクテイコウザ
1840,特定受遺者,トクテイジュイモノ
1841,特別売り気配,トクベツウリケハイ
1842,特別縁故者,トクベツエンコモノ
1843,特別会計,トクベツカイケイ
1844,特別買い気配,トクベツカイキハイ
1845,特別勘定,トクベツカンジョウ
1846,特別気配,トクベツケハイ
1847,特別口座,トクベツコウザ
1848,特別債,トクベツサイ
1849,特別支配株主,トクベツシハイカブヌシ
1850,特別受益者,トクベツジュエキシャ
1851,特別清算指数（SQ）,トクベツセイサンシスウ（sq）
1852,特別損失,トクベツソンシツ
1853,特別代理人,トクベツダイリニン
1854,特別配当,トクベツハイトウ
1855,特別分配金,トクベツブンパイキン
1856,特別法,トクベツホウ
1857,特別マル優,トクベツマルユウ
1858,特別目的会社,トクベツモクテキカイシャ
1859,特別利益,トクベツリエキ
1860,特例国債,トクレイコクサイ
1861,ToSTNeT市場,トstネtシジョウ
1862,途中償還,トチュウショウカン
1863,突飛高,トッピタカ
1864,突飛安,トッピアン
1865,トップダウンアプローチ,トップダウンアプローチ
1866,トップライン,トップライン
1867,TOPIX,トピx
1868,TOPIXオプション取引,トピxオプショントリヒキ
1869,TOPIX先物取引,トピxサキモノトリヒキ
1870,TOPIX連動型ファンド,トピxレンドウカタファンド
1871,トムネ,トムネ
1872,トラッキングエラー,トラッキングエラー
1873,トラッキングストック,トラッキングストック
1874,トランシェ,トランシェ
1875,トランプノミクス,トランプノミクス
1876,トランプ・ラリー,トランプ・ラリー
1877,トリガー価格,トリガーカカク
1878,トリガー条項,トリガージョウコウ
1879,取組高,トリクミタカ
1880,取組み,トリクミ
1881,トリクルダウン理論,トリクルダウンリロン
1882,取締役会,トリシマリヤクカイ
1883,取締役,トリシマリヤク
1884,取引残高報告書,トリヒキザンダカホウコクショ
1885,取引所外取引,トリヒキジョソトトリヒキ
1886,取引報告書,トリヒキホウコクショ
1887,トリプルウィッチング,トリプルウィッチング
1888,トリプル安,トリプルアン
1889,Treasury notes,tレアスry ノテs
1890,Treasury bonds,tレアスry ボンds
1891,トレンドフォロー,トレンドフォロー
1892,トレンド,トレンド
1893,トレーサビリティ,トレーサビリティ
1894,トレーダー,トレーダー
1895,トレーディング,トレーディング
1896,トロイオンス,トロイオンス
1897,トンチン保険,トンチンホケン
1898,トークン,トークン
1899,トータルリターン,トータルリターン
1900,トービン税,トービンゼイ
1901,動意,ドウイ
1902,独立委員会,ドクリツイインカイ
1903,独立企業間価格,ドクリツキギョウカンカカク
1904,独立系アドバイザー（IFA）,ドクリツケイアドバイザー（イファ）
1905,ドットチャート,ドットチャート
1906,ドッド・フランク法,ドッド・フランクホウ
1907,独歩高,ドッポタカ
1908,独歩安,ドッポアン
1909,ドテン,ドテン
1910,ドバイ原油,ドバイゲンユ
1911,ドラゴン債,ドラゴンサイ
1912,ドルコスト平均法,ドルコストヘイキンホウ
1913,ドルペッグ,ドルペッグ
1914,ドル本位制,ドルホンイセイ
1915,ドローダウン,ドローダウン
1916,証券用語解説集,ショウケンヨウゴカイセツシュウ
1917,内需関連株,ナイジュカンレンカブ
1918,内部金融,ナイブキンユウ
1919,内部留保,ナイブリュウホ
1920,NYMEX,ンyメx
1921,仲値,ナカネ
1922,凪相場,ナギソウバ
1923,投げ売り,ナゲウリ
1924,投げ,ナゲ
1925,ナスダック100指数,
1926,ナスダック総合指数,ナスダックソウゴウシスウ
1927,ナッシュ均衡,ナッシュキンコウ
1928,NAPM指数,ナpmシスウ
1929,夏枯れ相場,カコレソウバ
1930,なでしこ銘柄,ナデシコメイガラ
1931,成行注文,ナリユキチュウモン
1932,馴合売買,ジュンゴウバイバイ
1933,ナローフレーミング,ナローフレーミング
1934,軟化,ナンカ
1935,軟調,ナンチョウ
1936,ナンピン,ナンピン
1937,二市場,ニシジョウ
1938,二重底,ニジュウソコ
1939,二重天井,ニジュウテンジョウ
1940,日銀券ルール,ニチギンケンルール
1941,日銀審議委員,ニチギンシンギイイン
1942,日銀短観,ニチギンタンカン
1943,日銀当座預金残高,ニチギントウザヨキンザンダカ
1944,日銀トレード,ニチギントレード
1945,日銀ネット（新日銀ネット）,ニチギンネット（シンニチギンネット）
1946,日米デジタル貿易協定,ニチベイデジタルボウエキキョウテイ
1947,日米貿易協定,ニチベイボウエキキョウテイ
1948,日経225オプション取引,
1949,日経225採用銘柄,
1950,日経225先物取引,
1951,日経225mini,
1952,日経300先物取引,
1953,日経アジア300ＡＳＥＡＮ指数,
1954,日経アジア300インベスタブル指数,
1955,日経アジア300指数,
1956,日経株価指数300,
1957,日経商品指数,ニッケイショウヒンシスウ
1958,日経ジャスダック平均株価,ニッケイジャスダックヘイキンカブカ
1959,日経通貨インデックス,ニッケイツウカインデックス
1960,日経東工取商品指数,ニッケイトウコウトリショウヒンシスウ
1961,日経ナウキャスト日次物価指数,ニッケイナウキャストニチジブッカシスウ
1962,日経225　Weeklyオプション,
1963,日経配当指数,ニッケイハイトウシスウ
1964,日経平均インバース・インデックス,ニッケイヘイキンインバース・インデックス
1965,日経平均株価,ニッケイヘイキンカブカ
1966,日経平均高配当株50指数,
1967,日経平均ストラテジー・インデックス・シリーズ,ニッケイヘイキンストラテジー・インデックス・シリーズ
1968,日経平均トータルリターン・インデックス,ニッケイヘイキントータルリターン・インデックス
1969,日経平均ノックイン債,ニッケイヘイキンノックインサイ
1970,日経平均為替ヘッジ・インデックス,ニッケイヘイキンカワセヘッジ・インデックス
1971,日経平均ボラティリティ・インデックス,ニッケイヘイキンボラティリティ・インデックス
1972,日経平均レバレッジ・インデックス,ニッケイヘイキンレバレッジ・インデックス
1973,日経リンク債,ニッケイリンクサイ
1974,日経・東大日次物価指数,ニッケイ・トウダイニチジブッカシスウ
1975,日証金残高,ニチショウキンザンダカ
1976,日中足,ニッチュウアシ
1977,日本銀行当座預金,ニッポンギンコウトウザヨキン
1978,日本銀行,ニッポンギンコウ
1979,日本取引所グループ,ニッポントリヒキジョグループ
1980,日本暗号資産取引業協会（JVCEA）,ニッポンアンゴウシサントリヒキギョウキョウカイ（jvcエア）
1981,日本暗号資産ビジネス協会（JCBA）,ニッポンアンゴウシサンビジネスキョウカイ（jcバ）
1982,日本STO協会,ニッポンsトキョウカイ
1983,日本卸電力取引所,ニッポンオロシデンリョクトリヒキジョ
1984,日本格付研究所（JCR）,ニッポンカクツケケンキュウショ（jcr）
1985,日本株ファンド,ニッポンカブファンド
1986,日本銀行政策委員会,ニッポンギンコウセイサクイインカイ
1987,日本国債,ニホンコクサイ
1988,日本証券業協会,ニッポンショウケンギョウキョウカイ
1989,日本政策投資銀行,ニッポンセイサクトウシギンコウ
1990,日本創業者株指数,ニッポンソウギョウシャカブシスウ
1991,日本版401(k),
1992,日本版スチュワードシップ・コード,ニホンバンスチュワードシップ・コード
1993,入庫,ニュウコ
1994,入札価格（新規公開企業）,ニュウサツカカク（シンキコウカイキギョウ）
1995,入札（国債）,ニュウサツ（コクサイ）
1996,ニューエコノミー,ニューエコノミー
1997,ニュートラル,ニュートラル
1998,任意後見,ニンイコウケン
1999,任意償還,ニンイショウカン
2000,人気買い,ニンキカイ
2001,ニンジャローン,ニンジャローン
2002,認知バイアス,ニンチバイアス
2003,NISA,ニサ
2004,抜く,ヌク
2005,値洗い,アタイアライ
2006,値がさ株,ネガサカブ
2007,ネガワット,ネガワット
2008,ネクスト市場,ネクストシジョウ
2009,値頃,ネゴロ
2010,ネッティング決済,ネッティングケッサイ
2011,ネットキャッシュ倍率,ネットキャッシュバイリツ
2012,ネットキャッシュ,ネットキャッシュ
2013,ネット取引,ネットトリヒキ
2014,ネットバブル,ネットバブル
2015,値付率,アタイツキリツ
2016,値付き,アタイツキ
2017,値幅制限,ネハバセイゲン
2018,値ぼれ買い,アタイボレカイ
2019,年足,トシタリ
2020,年金資産,ネンキンシサン
2021,ねんきん定期便,ネンキンテイキビン
2022,年金,ネンキン
2023,年初来高値,ネンショライタカネ
2024,年初来安値,ネンショライヤスネ
2025,年末調整,ネンマツチョウセイ
2026,ノックアウトプット売り型,ノックアウトプットウリカタ
2027,ノックインプット売り型,ノックインプットウリカタ
2028,ノッチ,ノッチ
2029,野村企業価値分配指数,ノムラキギョウカチブンパイシスウ
2030,NOMURA日本株地域別インデックス,ノムラニッポンカブチイキベツインデックス
2031,NOMURA-BPI,
2032,のれん,ノレン
2033,ノン・デリバラブル・フォワード,ノン・デリバラブル・フォワード
2034,ノーロード,ノーロード
2035,証券用語解説集,ショウケンヨウゴカイセツシュウ
2036,灰色のサイ,ハイイロノサイ
2037,ハイウォーターマーク,ハイウォーターマーク
2038,排出量取引,ハイシュツリョウトリヒキ
2039,配当異動,ハイトウイドウ
2040,配当落調整金,ハイトウラクチョウセイキン
2041,配当落ち,ハイトウオチ
2042,配当可能限度額,ハイトウカノウゲンドガク
2043,配当起算日,ハイトウキサンニチ
2044,配当期待権,ハイトウキタイケン
2045,配当金の税金,ハイトウキンノゼイキン
2046,配当控除,ハイトウコウジョ
2047,配当再投資制度,ハイトウサイトウシセイド
2048,配当性向,ハイトウセイコウ
2049,配当利回り,ハイトウリマワリ
2050,配当割引モデル,ハイトウワリビキモデル
2051,配当,ハイトウ
2052,ハイブリッド社債,ハイブリッドシャサイ
2053,ハイブリッド証券,ハイブリッドショウケン
2054,配分変更,ハイブンヘンコウ
2055,ハイ・イールド債ファンド,ハイ・イールドサイファンド
2056,ハイ・イールド債,ハイ・イールドサイ
2057,端株,ハカブ
2058,計らい注文,ハカライチュウモン
2059,跛行色,ハコウショク
2060,始値,ハジメネ
2061,働き方改革,ハタラキホウカイカク
2062,ハッカソン,ハッカソン
2063,発行価格,ハッコウカカク
2064,発行価額,ハッコウカガク
2065,発行市場,ハッコウシジョウ
2066,発行市場（株式）,ハッコウシジョウ（カブシキ）
2067,発行済株式,ハッコウスミカブシキ
2068,発行体,ハッコウカラダ
2069,発行登録制度,ハッコウトウロクセイド
2070,発行日決済取引,ハッコウビケッサイトリヒキ
2071,発行要項,ハッコウヨウコウ
2072,初値倍率,ハツネバイリツ
2073,初値,ハツネ
2074,ハト派,ハトハ
2075,ハラル,ハラル
2076,半期報告書,ハンキホウコクショ
2077,ハンセン中国レッドチップス指数,ハンセンチュウゴクレッドチップスシスウ
2078,反対売買,ハンタイバイバイ
2079,反騰,ハントウ
2080,半値押し,ハンネオシ
2081,半値八掛け二割引,ハンネハチカケニワリヒキ
2082,半値戻しは全値戻し,ハンネモドシハゼンアタイモドシ
2083,半値戻し,ハンネモドシ
2084,販売会社（投資信託）,ハンバイガイシャ（トウシシンタク）
2085,販売手数料（投資信託）,ハンバイテスウリョウ（トウシシンタク）
2086,販売費及び一般管理費,ハンバイヒオヨビイッパンカンリヒ
2087,反発,ハンパツ
2088,反落,ハンラク
2089,ハーディング現象,ハーディングゲンショウ
2090,ハードランディング,ハードランディング
2091,ハーフィンダール・ハーシュマン指数,ハーフィンダール・ハーシュマンシスウ
2092,ハーミーズ,ハーミーズ
2093,バイアウトファンド,バイアウトファンド
2094,媒介,バイカイ
2095,バイサイド,バイサイド
2096,買収防衛策,バイシュウボウエイサク
2097,買収,バイシュウ
2098,バイナリーオプション,バイナリーオプション
2099,売買回転率,バイバイカイテンリツ
2100,売買代金,バイバイダイキン
2101,売買停止,バイバイテイシ
2102,売買手数料,バイバイテスウリョウ
2103,場況,ジョウキョウ
2104,バスケット取引,バスケットトリヒキ
2105,バタフライスプレッド,バタフライスプレッド
2106,パックマン・ディフェンス,パックマン・ディフェンス
2107,バフェット指標,バフェットシヒョウ
2108,バブル景気,バブルケイキ
2109,バランス型ファンド,バランスカタファンド
2110,バリュエーション,バリュエーション
2111,バリュー投資,バリュートウシ
2112,バリュートラップ（割安のわな）,バリュートラップ（ワリヤスノワナ）
2113,バリューファンド,バリューファンド
2114,バリュー平均法,バリューヘイキンホウ
2115,バリュー,バリュー
2116,バルチック海運指数,バルチックカイウンシスウ
2117,バレル,バレル
2118,バンコク銀行間取引,バンコクギンコウカントリヒキ
2119,バーゼル銀行監督委員会,バーゼルギンコウカントクイインカイ
2120,バーゼル３,
2121,バーゼル２,
2122,バーティカルスプレッド,バーティカルスプレッド
2123,バーナンキ・プット,バーナンキ・プット
2124,バーベル戦略,バーベルセンリャク
2125,パススルー証券,パススルーショウケン
2126,パッシブ運用,パッシブウンヨウ
2127,パテント・トロール,パテント・トロール
2128,パフォーマンス評価,パフォーマンスヒョウカ
2129,パフォーマンス,パフォーマンス
2130,パラボリック,パラボリック
2131,パリティ,パリティ
2132,パレート最適,パレートサイテキ
2133,パンダ債,パンダサイ
2134,パー・イールド,パー・イールド
2135,パー債,パーサイ
2136,パー,パー
2137,日足,ヒアシ
2138,非依頼格付け,ヒイライカクヅケ
2139,冷え込む,ヒエコム
2140,東アジア地域包括的経済連携,ヒガシアジアチイキホウカツテキケイザイレンケイ
2141,日柄分析,ヒガラブンセキ
2142,日柄,ヒガラ
2143,引受シンジケート団,ヒキウケシンジケートダン
2144,引き受け,ヒキウケ
2145,非居住者,ヒキョジュウシャ
2146,引指注文,ヒキユビチュウモン
2147,引成注文,ヒキセイチュウモン
2148,引け,ヒケ
2149,ヒゲ,ヒゲ
2150,非公開会社,ヒコウカイカイシャ
2151,悲惨指数,ヒサンシスウ
2152,非時系列チャート,ヒジケイレツチャート
2153,ヒストリカルボラティリティ,ヒストリカルボラティリティ
2154,非ゼロサムゲーム,ヒゼロサムゲーム
2155,非嫡出子,ヒチャクシュツコ
2156,一口注文,ヒトクチチュウモン
2157,人の行く裏に道あり花の山,ニンノイクウラニミチアリハナノヤマ
2158,非農業部門雇用者数,ヒノウギョウブモンコヨウシャカズ
2159,日計り商い,ニッケイリアキナイ
2160,日々公表銘柄,ヒビコウヒョウメイガラ
2161,非不胎化介入,ヒフタイカカイニュウ
2162,日歩,ヒブ
2163,冷やし玉,ヒヤシタマ
2164,ヒューリスティック,ヒューリスティック
2165,標準偏差・分散,ヒョウジュンヘンサ・ブンサン
2166,表面税率,ヒョウメンゼイリツ
2167,表面利率,ヒョウメンリリツ
2168,非連結子会社,ヒレンケツコガイシャ
2169,ヒートマップ,ヒートマップ
2170,ビジネスサイクル,ビジネスサイクル
2171,美人投票,ビジントウヒョウ
2172,BIS規制,ビsキセイ
2173,ビッグデータ,ビッグデータ
2174,ビッグマック指数,ビッグマックシスウ
2175,ビッグ・テック,ビッグ・テック
2176,ビットコインキャッシュ(BCH),
2177,ビットコイン先物,ビットコインサキモノ
2178,ビットコイン,ビットコイン
2179,BBレシオ,bbレシオ
2180,ピンクシート,ピンクシート
2181,ピークアウト,ピークアウト
2182,ファイナンシャル・ジェロントロジー,ファイナンシャル・ジェロントロジー
2183,ファイナンシャル・プランナー,ファイナンシャル・プランナー
2184,ファイナンス,ファイナンス
2185,ファストストキャスティクス,ファストストキャスティクス
2186,ファット・テール,ファット・テール
2187,ファニーメイ,ファニーメイ
2188,ファミリーファンド方式,ファミリーファンドホウシキ
2189,ファンダメンタルズ分析,ファンダメンタルズブンセキ
2190,ファンダメンタルズ,ファンダメンタルズ
2191,ファンド愛称,ファンドアイショウ
2192,ファンドアナリスト,ファンドアナリスト
2193,ファンドオブファンズ,ファンドオブファンズ
2194,ファンドトラスト,ファンドトラスト
2195,ファンドマネージャー,ファンドマネージャー
2196,ファンドラップ,ファンドラップ
2197,ファーストコール,ファーストコール
2198,フィッシャー方程式,フィッシャーホウテイシキ
2199,フィッチ,フィッチ
2200,フィデューシャリー・デューティ,フィデューシャリー・デューティ
2201,フィナンシャル・バイヤー,フィナンシャル・バイヤー
2202,フィボナッチ,フィボナッチ
2203,フィラデルフィア連銀製造業景況指数,フィラデルフィアレンギンセイゾウギョウケイキョウシスウ
2204,フィリップス曲線,フィリップスキョクセン
2205,フィンテック協会,フィンテックキョウカイ
2206,フィンテック,フィンテック
2207,フィンテック・エコシステム,フィンテック・エコシステム
2208,風説の流布,フウセツノルフ
2209,フェア・ディスクロージャー・ルール,フェア・ディスクロージャー・ルール
2210,フェアトレード,フェアトレード
2211,フェアバリュー,フェアバリュー
2212,フェイル,フェイル
2213,フェニックス銘柄制度,フェニックスメイガラセイド
2214,フェリカ,フェリカ
2215,フォロワー,フォロワー
2216,フォワードレートのもつ意味,フォワードレートノモツイミ
2217,フォワードレート,フォワードレート
2218,フォワードガイダンス,フォワードガイダンス
2219,フォーミュラファンド,フォーミュラファンド
2220,深押し,シンオシ
2221,賦課方式,フカホウシキ
2222,復配,フクハイ
2223,含み資産,フクミシサン
2224,含み損益,フクミソンエキ
2225,複利,フクリ
2226,負債コスト,フサイコスト
2227,負債比率,フサイヒリツ
2228,負債,フサイ
2229,不胎化介入,フタイカカイニュウ
2230,双子の赤字,フタゴノアカジ
2231,負担付き贈与,フタンツキゾウヨ
2232,札割れ,サツワレ
2233,復興特別所得税,フッコウトクベツショトクゼイ
2234,普通株式,フツウカブシキ
2235,普通取引,フツウトリヒキ
2236,普通分配金,フツウブンパイキン
2237,不出来,フデキ
2238,浮動株,フドウカブ
2239,不成注文,フナリチュウモン
2240,負の所得税,フノショトクゼイ
2241,不美人投票,フミニントウヒョウ
2242,踏み上げ,フミアゲ
2243,踏み,フミ
2244,富裕税,フユウゼイ
2245,フラジャイル5,
2246,フラッシュクラッシュ,フラッシュクラッシュ
2247,フラット35,
2248,フラット35（借換融資）,
2249,フラット35（保証型）,
2250,振替口座簿,フリカエコウザボ
2251,不良債権,フリョウサイケン
2252,フリーキャッシュフローバリエーション,フリーキャッシュフローバリエーション
2253,フルアモチ,フルアモチ
2254,フルインベストメント,フルインベストメント
2255,ふるさと納税,フルサトノウゼイ
2256,フレディマック,フレディマック
2257,VWAPギャランティー取引,vワpギャランティートリヒキ
2258,物価指数,ブッカシスウ
2259,物価スライド,ブッカスライド
2260,物価連動国債,ブッカレンドウコクサイ
2261,物価,ブッカ
2262,ブックビルディング方式,ブックビルディングホウシキ
2263,ブックランナー,ブックランナー
2264,ブッシェル,ブッシェル
2265,物色買い,ブッショクカイ
2266,物品税,ブッピンゼイ
2267,物上担保債,ブツジョウタンポサイ
2268,ブラックショールズモデル,ブラックショールズモデル
2269,ブラックスワン理論,ブラックスワンリロン
2270,ブラックフライデー,ブラックフライデー
2271,BRICS,bリcs
2272,ブルドッグ債,ブルドッグサイ
2273,ブルベア型,ブルベアカタ
2274,ブルマーケット,ブルマーケット
2275,ブル,ブル
2276,ブルーチップ,ブルーチップ
2277,ブレイクアウト,ブレイクアウト
2278,ブレグジット,ブレグジット
2279,ブレット,ブレット
2280,ブレークイーブンインフレ率,ブレークイーブンインフレリツ
2281,ブロックチェーン債,ブロックチェーンサイ
2282,ブロックチェーン,ブロックチェーン
2283,ブロックトレーディング,ブロックトレーディング
2284,ブロックバスター戦略,ブロックバスターセンリャク
2285,ブローカー業務,ブローカーギョウム
2286,ブローカー,ブローカー
2287,分割原資,ブンカツゲンシ
2288,分散投資,ブンサントウシ
2289,ブンズ,ブンズ
2290,分配型,ブンパイカタ
2291,分配金,ブンパイキン
2292,分別管理,フンベツカンリ
2293,分離課税,ブンリカゼイ
2294,プットオプション,プットオプション
2295,プット・コール・レシオ,プット・コール・レシオ
2296,プライベートエクイティファンド,プライベートエクイティファンド
2297,プライベート・デット,プライベート・デット
2298,プライマリー収支,プライマリーシュウシ
2299,プライマリー商品,プライマリーショウヒン
2300,プライマリーバランス,プライマリーバランス
2301,プライム市場,プライムシジョウ
2302,プライムレート,プライムレート
2303,プラザ合意,プラザゴウイ
2304,プラスアルファ部分,プラスアルファブブン
2305,プラス成長,プラスセイチョウ
2306,プリンシパル取引,プリンシパルトリヒキ
2307,プルーデントマンルール,プルーデントマンルール
2308,プレマーケット,プレマーケット
2309,プレミア市場,プレミアシジョウ
2310,プレミアム,プレミアム
2311,プレミアム・フライデー,プレミアム・フライデー
2312,プロキシミティ,プロキシミティ
2313,プログラム売買の状況,プログラムバイバイノジョウキョウ
2314,プログラム売買,プログラムバイバイ
2315,プロスペクト理論,プロスペクトリロン
2316,プロフィットファクター,プロフィットファクター
2317,プロポーザル方式,プロポーザルホウシキ
2318,プロ向けファンド,プロムケファンド
2319,ヘアカット,ヘアカット
2320,平均取得単価,ヘイキンシュトクタンカ
2321,平均余命,ヘイキンヨメイ
2322,平成景気,ヘイセイケイキ
2323,ヘッジ取引,ヘッジトリヒキ
2324,ヘッジファンド,ヘッジファンド
2325,ヘッジャー,ヘッジャー
2326,ヘリコプターマネー,ヘリコプターマネー
2327,変額年金保険,ヘンガクネンキンホケン
2328,変動金利,ヘンドウキンリ
2329,変動相場制,ヘンドウソウバセイ
2330,変動費,ヘンドウヒ
2331,変動利付債,ヘンドウリツキサイ
2332,ヘンリーハブ,ヘンリーハブ
2333,ベアマーケット,ベアマーケット
2334,ベア,ベア
2335,米国債,ベイコクサイ
2336,米国石油協会（API）,ベイコクセキユキョウカイ（アピ）
2337,米国・メキシコ・カナダ協定,ベイコク・メキシコ・カナダキョウテイ
2338,米雇用統計,コメコヨウトウケイ
2339,米州開発銀行,ベイシュウカイハツギンコウ
2340,米通商代表部,コメツウショウダイヒョウブ
2341,米ドル建て債券,コメドルタテサイケン
2342,米連邦破産法11条,
2343,ベガ,ベガ
2344,ベビーファンド,ベビーファンド
2345,弁済,ベンサイ
2346,ベンチマーク,ベンチマーク
2347,ベンチャー企業,ベンチャーキギョウ
2348,ベンチャーキャピタル,ベンチャーキャピタル
2349,ベンチャー,ベンチャー
2350,ペントアップ需要,ペントアップジュヨウ
2351,ベーシススワップ,ベーシススワップ
2352,ベーシスポイント,ベーシスポイント
2353,ベーシックインカム,ベーシックインカム
2354,ベージュブック,ベージュブック
2355,ベースアップ,ベースアップ
2356,β,
2357,ペアトレード,ペアトレード
2358,ペイオフ,ペイオフ
2359,ペッグ制,ペッグセイ
2360,包括遺贈,ホウカツイゾウ
2361,包括受遺者,ホウカツジュイモノ
2362,包括利益,ホウカツリエキ
2363,法人企業景気予測調査,ホウジンキギョウケイキヨソクチョウサ
2364,法人企業統計調査,ホウジンキギョウトウケイチョウサ
2365,法人実効税率,ホウジンジッコウゼイリツ
2366,法人税,ホウジンゼイ
2367,法定後見,ホウテイコウケン
2368,法定準備金,ホウテイジュンビキン
2369,法定相続人,ホウテイソウゾクニン
2370,法定単純承認,ホウテイタンジュンショウニン
2371,法定代理人,ホウテイダイリニン
2372,法定調書,ホウテイチョウショ
2373,保管振替制度,ホカンフリカエセイド
2374,北陸・北海道インデックス,ホクリク・ホッカイドウインデックス
2375,保険会社,ホケンガイシャ
2376,保険支払能力格付け,ホケンシハライノウリョクカクヅケ
2377,保護預かり,ホゴアズカリ
2378,北海ブレント,ホッカイブレント
2379,Hot issue,ホt イッスエ
2380,ホルダー,ホルダー
2381,ホワイトカラー・エグゼンプション,ホワイトカラー・エグゼンプション
2382,ホワイトスクワイア,ホワイトスクワイア
2383,ホワイトナイト,ホワイトナイト
2384,香港H株,ホンコンhカブ
2385,香港銀行間取引,ホンコンギンコウカントリヒキ
2386,香港ハンセン指数,ホンコンハンセンシスウ
2387,香港レッドチップ株,ホンコンレッドチップカブ
2388,本質的価値,ホンシツテキカチ
2389,ホールセール業務,ホールセールギョウム
2390,棒上げ,ボウアゲ
2391,貿易収支,ボウエキシュウシ
2392,貿易促進権限,ボウエキソクシンケンゲン
2393,棒下げ,ボウサゲ
2394,暴騰,ボウトウ
2395,暴落,ボウラク
2396,簿価,ボカ
2397,ぼける,ボケル
2398,墓石広告,ハカイシコウコク
2399,ボックス圏相場,ボックスケンソウバ
2400,ボックス,ボックス
2401,ボトムアップアプローチ,ボトムアップアプローチ
2402,ボトムライン,ボトムライン
2403,募入決定額,ボニュウケッテイヒタイ
2404,ボラタイル,ボラタイル
2405,ボラティリティ,ボラティリティ
2406,ボリュームレシオ,ボリュームレシオ
2407,ボリンジャーバンド,ボリンジャーバンド
2408,ボルカールール,ボルカールール
2409,ぼんやり,ボンヤリ
2410,ポイズンピル,ポイズンピル
2411,ポイントアンドフィギュア,ポイントアンドフィギュア
2412,ポジション,ポジション
2413,ポピュリズム,ポピュリズム
2414,ポータビリティー,ポータビリティー
2415,ポートフォリオ運用,ポートフォリオウンヨウ
2416,ポートフォリオ売買回転率,ポートフォリオバイバイカイテンリツ
2417,ポートフォリオマネージャー,ポートフォリオマネージャー
2418,ポートフォリオ理論,ポートフォリオリロン
2419,ポートフォリオ,ポートフォリオ
2420,証券用語解説集,ショウケンヨウゴカイセツシュウ
2421,マイクロクレジット,マイクロクレジット
2422,マイナス金利政策,マイナスキンリセイサク
2423,マイナス金利,マイナスキンリ
2424,マイナス成長,マイナスセイチョウ
2425,マイナンバー（社会保障・税番号制度）,マイナンバー（シャカイホショウ・ゼイバンゴウセイド）
2426,マイニング,マイニング
2427,曲がり屋,マガリヤ
2428,マクロ経済スライド,マクロケイザイスライド
2429,マクロ経済,マクロケイザイ
2430,マクロ分析,マクロブンセキ
2431,マザーファンド,マザーファンド
2432,マスタートラスト,マスタートラスト
2433,マッチング理論,マッチングリロン
2434,窓,マド
2435,マネタイゼーション,マネタイゼーション
2436,マネタリーサーベイ,マネタリーサーベイ
2437,マネタリーベース,マネタリーベース
2438,マネーサプライ,マネーサプライ
2439,マネーストック統計,マネーストックトウケイ
2440,マネーフロー,マネーフロー
2441,マネープールファンド,マネープールファンド
2442,マネーローンダリング,マネーローンダリング
2443,幻のSQ,マボロシノsq
2444,真水,マミズ
2445,マル優,マルユウ
2446,満期償還,マンキショウカン
2447,満期時利子一括払い,マンキジリコイッカツハライ
2448,マンデート,マンデート
2449,マークアッププライシング,マークアッププライシング
2450,マーケットアプローチ,マーケットアプローチ
2451,マーケットインパクト,マーケットインパクト
2452,マーケットニュートラル,マーケットニュートラル
2453,マーケットポートフォリオ,マーケットポートフォリオ
2454,マーケットメイク,マーケットメイク
2455,マーケット,マーケット
2456,見切り千両,ミキリセンリョウ
2457,ミクロ経済,ミクロケイザイ
2458,ミクロ分析,ミクロブンセキ
2459,未公開株式投資ファンド,ミコウカイカブシキトウシファンド
2460,未公開株式,ミコウカイカブシキ
2461,未済,ミサイ
2462,ミシガン大学消費者態度指数,ミシガンダイガクショウヒシャタイドシスウ
2463,未上場,ヒツジジョウジョウ
2464,見せ板,ミセイタ
2465,ミセス・ワタナベ,ミセス・ワタナベ
2466,ミディアムタームノート,ミディアムタームノート
2467,見直し買い,ミナオシカイ
2468,みなし額面,ミナシガクメン
2469,みなし取得費,ミナシシュトクヒ
2470,みなし相続財産,ミナシソウゾクザイサン
2471,みなし配当,ミナシハイトウ
2472,ミニ株,ミニカブ
2473,ミニゴールデンクロス,ミニゴールデンクロス
2474,ミューチュアルファンド,ミューチュアルファンド
2475,ミリオン,ミリオン
2476,民事再生法,ミンジサイセイホウ
2477,無額面株式,ムガクメンカブシキ
2478,麦わら帽子は冬に買え,ムギワラボウシハフユニカエ
2479,無形固定資産,ムケイコテイシサン
2480,無担保コールオーバーナイト物,ムタンポコールオーバーナイトモノ
2481,無担保債,ムタンポサイ
2482,無配転落,ムハイテンラク
2483,無配,ムハイ
2484,無分配型,ムブンパイカタ
2485,ムーアの法則,ムーアノホウソク
2486,ムーディーズ,ムーディーズ
2487,銘柄,メイガラ
2488,名義預金,メイギヨキン
2489,名目金利,メイモクキンリ
2490,名目GDP,メイモクgdp
2491,メイン市場,メインシジョウ
2492,メコン経済圏,メコンケイザイケン
2493,目先,メサキ
2494,メザニン債,メザニンサイ
2495,メザニンファイナンス,メザニンファイナンス
2496,メタバース,メタバース
2497,メンタルアカウンティング,メンタルアカウンティング
2498,メープル債,メープルサイ
2499,メール期間金利,メールキカンキンリ
2500,目論見書制度（投資信託）,モクロミカキセイド（トウシシンタク）
2501,目論見書,モクロミカキ
2502,持ち合い解消,モチアイカイショウ
2503,保ち合い,タモチアイ
2504,持株会社,モチカブカイシャ
2505,持株制度,モチカブセイド
2506,持株比率,モチカブヒリツ
2507,持ち高調整の売り,モチコウチョウセイノウリ
2508,持ち高調整,モチコウチョウセイ
2509,餅つき相場,モチツキソウバ
2510,持分変動利益,モチブンヘンドウリエキ
2511,持分法適用会社,モチブンホウテキヨウカイシャ
2512,モデル・ポートフォリオ,モデル・ポートフォリオ
2513,元引受契約,モトヒキウケケイヤク
2514,戻す,モドス
2515,戻り足,モドリアシ
2516,戻り売り,モドリウリ
2517,戻り天井,モドリテンジョウ
2518,戻り値,モドリチ
2519,戻り待ちの売り,モドリマチノウリ
2520,モニタリング,モニタリング
2521,もみあい,モミアイ
2522,モメンタム株,モメンタムカブ
2523,モメンタム効果,モメンタムコウカ
2524,モメンタム,モメンタム
2525,模様眺め,モヨウナガメ
2526,モラトリアム,モラトリアム
2527,モラルハザード,モラルハザード
2528,モンスター・ストック,モンスター・ストック
2529,モーゲージ証券,モーゲージショウケン
2530,モーゲージ統計,モーゲージトウケイ
2531,モーゲージ,モーゲージ
2532,証券用語解説集,ショウケンヨウゴカイセツシュウ
2533,約定代金,ヤクジョウダイキン
2534,約定日,ヤクジョウニチ
2535,約定,ヤクジョウ
2536,安値覚え,ヤスネオボエ
2537,安値,ヤスネ
2538,休むも相場,ヤスムモソウバ
2539,山高ければ谷深し,ヤマタカケレバタニフカシ
2540,やれやれの売り,ヤレヤレノウリ
2541,ヤンキー債,ヤンキーサイ
2542,遺言執行者,ユイゴンシッコウモノ
2543,遺言書管理業務,ユイゴンショカンリギョウム
2544,遺言信託,ユイゴンシンタク
2545,遺言,ユイゴン
2546,有価証券届出書,ユウカショウケントドケデカキ
2547,有価証券報告書,ユウカショウケンホウコクショ
2548,有価証券,ユウカショウケン
2549,有期年金,ユウキネンキン
2550,有形固定資産,ユウケイコテイシサン
2551,有限責任事業組合,ユウゲンセキニンジギョウクミアイ
2552,有効求人倍率,ユウコウキュウジンバイリツ
2553,有効フロンティア,ユウコウフロンティア
2554,有事のドル買い,ユウジノドルカイ
2555,優先株式,ユウセンカブシキ
2556,優先市場,ユウセンシジョウ
2557,優先出資証券,ユウセンシュッシショウケン
2558,優待利回り,ユウタイリマワリ
2559,有配株,ユウハイカブ
2560,有利子負債利子率,ユウリコフサイリシリツ
2561,有利子負債,ユウリコフサイ
2562,輸出船契約実績,ユシュツフネケイヤクジッセキ
2563,ユニコーン,ユニコーン
2564,ユニバーサルバンク,ユニバーサルバンク
2565,ユニバース,ユニバース
2566,輸入予約,ユニュウヨヤク
2567,ユーザンス金利,ユーザンスキンリ
2568,ユーチューバー,ユーチューバー
2569,ユーフォリア,ユーフォリア
2570,ユーロ円債,ユーロエンサイ
2571,ユーロクリア,ユーロクリア
2572,ユーロコイン指数,ユーロコインシスウ
2573,ユーロ債,ユーロサイ
2574,ユーロ市場,ユーロシジョウ
2575,ユーロ建て債,ユーロタテサイ
2576,ユーロネクスト,ユーロネクスト
2577,ユーロ,ユーロ
2578,要求払預金,ヨウキュウフツヨキン
2579,曜日効果,ヨウビコウカ
2580,預金準備率操作,ヨキンジュンビリツソウサ
2581,預金準備率,ヨキンジュンビリツ
2582,預金ファシリティー金利,ヨキンファシリティーキンリ
2583,(預金)歩留まり率,
2584,預金,ヨキン
2585,与信,ヨシン
2586,預貸率,ヨタイリツ
2587,預託,ヨタク
2588,予定利率,ヨテイリリツ
2589,予備格付け,ヨビカクヅケ
2590,呼び値,ヨビネ
2591,寄指注文,ヨリユビチュウモン
2592,寄り付き,ヨリツキ
2593,寄成注文,ヨリセイチュウモン
2594,寄り前,ヨリマエ
2595,弱含み横バイ,ヨワフクミヨコバイ
2596,弱含み,ヨワフクミ
2597,四本値,ヨンホンアタイ
2598,ヨーロピアンタイプ,ヨーロピアンタイプ
2599,証券用語解説集,ショウケンヨウゴカイセツシュウ
2600,ライター,ライター
2601,ライツイシュー,ライツイシュー
2602,ライトコイン,ライトコイン
2603,ライドシェア,ライドシェア
2604,ライフスタイルファンド,ライフスタイルファンド
2605,ライフプラン,ライフプラン
2606,LIBORフラット,lイボrフラット
2607,ラスパイレス指数,ラスパイレスシスウ
2608,ラダーポートフォリオ,ラダーポートフォリオ
2609,ラチェット死亡保障,ラチェットシボウホショウ
2610,ラッセル1000,
2611,ラップアカウント,ラップアカウント
2612,ランダム・ウォーク,ランダム・ウォーク
2613,リアルマネー,リアルマネー
2614,利益確定売り,リエキカクテイウリ
2615,利益準備金,リエキジュンビキン
2616,利益剰余金,リエキジョウヨキン
2617,利益相反,リエキソウハン
2618,利益増減分析,リエキゾウゲンブンセキ
2619,利益超過分配金,リエキチョウカブンハイキン
2620,利益配当請求権,リエキハイトウセイキュウケン
2621,利落ち,リオチ
2622,リオープン,リオープン
2623,リカーリング,リカーリング
2624,リキャップCB,リキャップcb
2625,利食い,リグイ
2626,李克強指数,スモモコクキョウシスウ
2627,リコノミクス,リコノミクス
2628,利下げ,リサゲ
2629,理財商品,リザイショウヒン
2630,利ざや,リザヤ
2631,利子満期一括債,リシマンキイッカツサイ
2632,利子,リシ
2633,リスクオフ,リスクオフ
2634,リスクオン,リスクオン
2635,リスクオン・リスクオフ指数,リスクオン・リスクオフシスウ
2636,リスクキャピタル,リスクキャピタル
2637,リスク許容度,リスクキョヨウド
2638,リスクコントロール型ファンド,リスクコントロールカタファンド
2639,リスクの種類,リスクノシュルイ
2640,リスクパリティ戦略,リスクパリティセンリャク
2641,リスクフリーレート,リスクフリーレート
2642,リスクフリー,リスクフリー
2643,リスク分担型確定給付企業年金,リスクブンタンカタカクテイキュウフキギョウネンキン
2644,リスクプレミアム,リスクプレミアム
2645,リスクマネー,リスクマネー
2646,リスク,リスク
2647,リスク・リバーサル,リスク・リバーサル
2648,リセッション,リセッション
2649,理想買い,リソウカイ
2650,リターン,リターン
2651,リターン・リバーサル,リターン・リバーサル
2652,リップル,リップル
2653,利付金融債,リツキキンユウサイ
2654,利付国債,リツキコクサイ
2655,利付債,リツキサイ
2656,リテール業務,リテールギョウム
2657,リデノミネーション,リデノミネーション
2658,利払い日,リバライニチ
2659,リバランス,リバランス
2660,リバーサル,リバーサル
2661,リバーサル・レート,リバーサル・レート
2662,リバースモーゲージローン,リバースモーゲージローン
2663,リバースレポ,リバースレポ
2664,リパッケージ債,リパッケージサイ
2665,リパトリエーション,リパトリエーション
2666,リパトリ減税,リパトリゲンゼイ
2667,リビジョンインデックス,リビジョンインデックス
2668,利含み,リフクミ
2669,リフレ政策,リフレセイサク
2670,リフレーション,リフレーション
2671,リボルビング,リボルビング
2672,利回り,リマワリ
2673,リム価格,リムカカク
2674,流通市場（株式）,リュウツウシジョウ（カブシキ）
2675,流通市場（債券）,リュウツウシジョウ（サイケン）
2676,流動資産,リュウドウシサン
2677,流動性カバレッジ比率,リュウドウセイカバレッジヒリツ
2678,流動性供給入札,リュウドウセイキョウキュウニュウサツ
2679,流動性のジレンマ,リュウドウセイノジレンマ
2680,流動性の罠,リュウドウセイノワナ
2681,流動性リスク,リュウドウセイリスク
2682,流動性,リュウドウセイ
2683,流動比率,リュウドウヒリツ
2684,流動負債,リュウドウフサイ
2685,漁師は潮をみる,リョウシハシオヲミル
2686,両建て,リョウダテ
2687,量的緩和解除,リョウテキカンワカイジョ
2688,量的緩和,リョウテキカンワ
2689,量的・質的金融緩和,リョウテキ・シツテキキンユウカンワ
2690,両端入れ,リョウタンイレ
2691,利率,リリツ
2692,リレーションシップバンキング,リレーションシップバンキング
2693,理論ベーシス,リロンベーシス
2694,リーグテーブル,リーグテーブル
2695,REIT,レイt
2696,リーブオーダー,リーブオーダー
2697,リーマン・ショック,リーマン・ショック
2698,類似会社比準価格算定方式,ルイジカイシャヒジュンカカクサンテイホウシキ
2699,類似業種比準方式,ルイジギョウシュヒジュンホウシキ
2700,累積投資コース,ルイセキトウシコース
2701,累積リターン,ルイセキリターン
2702,レアメタル,レアメタル
2703,暦年贈与,レキネンゾウヨ
2704,レギュラトリー・サンドボックス,レギュラトリー・サンドボックス
2705,レシオケータ,レシオケータ
2706,レセプト債,レセプトサイ
2707,レッドチップス,レッドチップス
2708,劣後株式,レツゴカブシキ
2709,劣後債,レツゴサイ
2710,劣後ローン,レツゴローン
2711,レバレッジ型上場投資信託,レバレッジカタジョウジョウトウシシンタク
2712,レバレッジ効果,レバレッジコウカ
2713,レベニューシェア,レベニューシェア
2714,レポ取引,レポトリヒキ
2715,レモン市場,レモンシジョウ
2716,連結決算,レンケツケッサン
2717,連結子会社,レンケツシカイシャ
2718,連結財務諸表,レンケツザイムショヒョウ
2719,連結の範囲,レンケツノハンイ
2720,レンジ相場,レンジソウバ
2721,連想売り,レンソウウリ
2722,連想買い,レンソウカイ
2723,連続約定気配,レンゾクヤクジョウケハイ
2724,連単倍率,レンタンバイリツ
2725,レーティング,レーティング
2726,レーティング・モニター,レーティング・モニター
2727,レーティング（投資信託）,レーティング（トウシシンタク）
2728,労働生産性,ロウドウセイサンセイ
2729,狼狽売り,ロウバイウリ
2730,老齢基礎年金,ロウレイキソネンキン
2731,ロスカット,ロスカット
2732,路線価,ロセンカ
2733,ロックアップ,ロックアップ
2734,ロボアドバイザー,ロボアドバイザー
2735,ロンガーラン,ロンガーラン
2736,ロングオンリー,ロングオンリー
2737,ロングテール,ロングテール
2738,ロングポジション,ロングポジション
2739,ロンドンフィキシング,ロンドンフィキシング
2740,ロンバート型貸出制度,ロンバートカタタイシュツセイド
2741,ローカル・アベノミクス,ローカル・アベノミクス
2742,ローソク足,ローソクアシ
2743,ロードショー,ロードショー
2744,ローフレーション,ローフレーション
2745,ローリング決済,ローリングケッサイ
2746,ローリング効果,ローリングコウカ
2747,ロールオーバー,ロールオーバー
2748,ローレイテンシー,ローレイテンシー
2749,ローン債権,ローンサイケン
2750,ローンチスプレッド,ローンチスプレッド
2751,ローンチ,ローンチ
2752,ロー,ロー
2753,証券用語解説集,ショウケンヨウゴカイセツシュウ
2754,ワイド,ワイド
2755,ワラント,ワラント
2756,割高株,ワリダカカブ
2757,割引国債,ワリビキコクサイ
2758,割引債,ワリビキサイ
2759,割引率,ワリビキリツ
2760,割り負け,ワリマケ
2761,割安株ファンド,ワリヤスカブファンド
2762,割安株,ワリヤスカブ
2763,ワールドダラー,ワールドダラー
2764,証券用語解説集,ショウケンヨウゴカイセツシュウ
2765,106万円の壁,
2766,13WMA,
2767,216の法則,
2768,25DMA,
2769,26WMA,
2770,401(k)プラン,
2771,5DMA,
2772,5%ルール（株券の大量保有に関する）,
2773,5%ルール（独占禁止法の）,
2774,72の法則,
2775,IIF,イイf
2776,IR,イr
2777,IRR,イrr
2778,IRS,イrs
2779,IEA,イエア
2780,ISM非製造業景況感指数,イsmヒセイゾウギョウケイキョウカンシスウ
2781,Ifo,イフォ
2782,Ifo企業景況感指数,イフォキギョウケイキョウカンシスウ
2783,IMF,イmf
2784,IOC注文,イオcチュウモン
2785,IoT,イオt
2786,ISA,イサ
2787,ISINコード,イシンコード
2788,ICGN,イcgン
2789,ICタグ,イcタグ
2790,IBRD,イbrd
2791,IPO,イポ
2792,ASEAN,アセアン
2793,ASEAN経済共同体（AEC）,アセアンケイザイキョウドウタイ（アエc）
2794,RICI,リcイ
2795,RFR（リスク・フリー・レート）,rfr（リスク・フリー・レート）
2796,RMBS,rmbs
2797,ROI,ロイ
2798,ROIC,ロイc
2799,ROE,ロエ
2800,ROA,ロア
2801,ROC,ロc
2802,RCI,rcイ
2803,RTS指数,rtsシスウ
2804,RTGS,rtgs
2805,RPA,rパ
2806,ISDA,イsダ
2807,ESOP,エソp
2808,1カイ2ヤリ,
2809,1月効果,
2810,1通貨単位,
2811,iDeCo,イデcオ
2812,EIRR,エイrr
2813,ERM,エrm
2814,ERM II,エrm イイ
2815,ESM（欧州安定メカニズム）,エsm（オウシュウアンテイメカニズム）
2816,ESGインテグレーション,エsgインテグレーション
2817,ESG投資,エsgトウシ
2818,ESGのエコシステム,エsgノエコシステム
2819,ESPフォーキャスト調査,エspフォーキャストチョウサ
2820,EMS,エms
2821,ECN,エcン
2822,ECB,エcb
2823,ETN,エtン
2824,ETF,エtf
2825,ETC,エtc
2826,ETP,エtp
2827,EBIT,エビt
2828,EBITDA,エビtダ
2829,EBS,エbs
2830,EB債,エbサイ
2831,EPS,エps
2832,EPA,エパ
2833,EPC,エpc
2834,EV,エv
2835,EVA,エヴァ
2836,HRテック,hrテック
2837,HPO,hポ
2838,APEC,アペc
2839,S&P/JPX 配当貴族指数,
2840,S&P,
2841,S&P/JPXカーボン・エフィシェント指数,
2842,S&P/JPX 日本国債VIX指数,
2843,SRI,sリ
2844,SRIファンド,sリファンド
2845,SEC,セc
2846,SNS,sンs
2847,SMA,sマ
2848,SOR注文,ソrチュウモン
2849,SCレポ取引,scレポトリヒキ
2850,SGX,sgx
2851,ESTR（ユーロ短期金利）,エstr（ユーロタンキキンリ）
2852,SDR,sdr
2853,SDGs,sdgs
2854,S&P500,
2855,SFAS160,
2856,XBRL,xbrl
2857,NRSRO,ンrsロ
2858,NFT,ンft
2859,NOI,ノイ
2860,NOI利回り,ノイリマワリ
2861,NCF（Net Cash Flow）,ンcf（ネt cアsh flオw）
2862,NZAM,ンザm
2863,NZBA,ンzバ
2864,NDF,ンdf
2865,NPV,ンpv
2866,NVDR,ンvdr
2867,FRA,fラ
2868,FRB,frb
2869,FRB議長の議会証言,frbギチョウノギカイショウゲン
2870,FHA,fハ
2871,FFR,ffr
2872,FFO（Funds From Operation）,ッフォ（フンds fロm オペラチオン）
2873,FOMC,フォmc
2874,FTSE100,
2875,M＆A,
2876,M&Aレシオ,
2877,MRF,mrf
2878,MR（医薬情報担当者）,mr（イヤクジョウホウタントウシャ）
2879,MR（複合現実）,mr（フクゴウゲンジツ）
2880,MEBO,メボ
2881,MSCI 日本株人材設備投資指数,mscイ ニッポンカブジンザイセツビトウシシスウ
2882,MMF,mmf
2883,MLP,mlp
2884,M3,
2885,MBO,mボ
2886,MPO,mポ
2887,MPC,mpc
2888,LME,lメ
2889,LMCI,lmcイ
2890,LSAPs,lサps
2891,LTRO,ltロ
2892,LTV（Loan to Value）,ltv（lオアン ト ヴァlウエ）
2893,LBO,lボ
2894,L.P.,
2895,AI,アイ
2896,AIファンド,アイファンド
2897,AR,アr
2898,ADR,アdr
2899,ADS,アds
2900,ADP全米雇用報告,アdpゼンベイコヨウホウコク
2901,ABS,アbs
2902,API,アピ
2903,OPEC,オペc
2904,OIS,オイs
2905,OECD,オエcd
2906,OMS,オms
2907,OTC,オtc
2908,OTCQX,オtcqx
2909,OTCQB,オtcqb
2910,OTC ブリティンボード (OTCBB),
2911,OVX指数,オvxシスウ
2912,GAFA,ガファ
2913,CAP,cアp
2914,QE３,
2915,CUSIPコード,cウシpコード
2916,QFII,qフィイ
2917,Q-BOARD,
2918,GICS,ギcs
2919,GAAP,ガアp
2920,QUICK IPOインデックス,qウイck イポインデックス
2921,QUICK月次調査,qウイckゲツジチョウサ
2922,QUICKコンセンサス,qウイckコンセンサス
2923,QUICK短観,qウイckタンカン
2924,QUICK FUND RISK（QFR）,qウイck フンd リsk（qfr）
2925,CASE,cアセ
2926,CAPE,cアペ
2927,COP,cオp
2928,COMEX,cオメx
2929,KORIBOR（韓国銀行間取引金利）,コリボr（カンコクギンコウカントリヒキキンリ）
2930,5月に売り逃げろ,
2931,SIBOR（シンガポール銀行間取引金利）,シボr（シンガポールギンコウカントリヒキキンリ）
2932,SARON（スイス翌日物平均金利）,サロン（スイスヨクジツモノヘイキンキンリ）
2933,SUNRISE,スンリセ
2934,SHIBOR（上海銀行間取引金利）,シボr（シャンハイギンコウカントリヒキキンリ）
2935,CI,cイ
2936,CIO,cイオ
2937,CRS,crs
2938,CEO,cエオ
2939,CSR,csr
2940,CSA,cサ
2941,CFPS,cfps
2942,CMEグループ,cメグループ
2943,CMO,cモ
2944,CMBS,cmbs
2945,CLO,clオ
2946,CORRA(カナダ銀行間オーバーナイト・レポ金利 ）,
2947,COO,cオオ
2948,CCRC,ccrc
2949,CTA（Commodity Trading Advisor）,cタ（cオmモヂty tラヂンg アdヴィソr）
2950,CTA（Call To Action）,cタ（cアll ト アcチオン）
2951,CD,cd
2952,CDS,cds
2953,CDO,cド
2954,CDOR(カナダ銀行間取引金利）,
2955,CB,cb
2956,CBO,cボ
2957,CBDC,cbdc
2958,CPI基準,cピキジュン
2959,J-Stock Index,
2960,JDR,jdr
2961,J-REIT,
2962,J-IRISS,
2963,JPX/S&P 設備・人材投資指数,
2964,JPX日経インデックス400,
2965,JPX日経中小型株指数,jpxニッケイチュウショウカタカブシスウ
2966,JIBOR（ジャカルタ銀行間取引金利）,ジボr（ジャカルタギンコウカントリヒキキンリ）
2967,JASDAQ INDEX,ジャsダq インデx
2968,JOGMEC,ジョgメc
2969,GRI,gリ
2970,G8,
2971,GSIA,gシア
2972,GSE,gセ
2973,GNI,gニ
2974,GNP,gンp
2975,GFANZ,gファンz
2976,GCレポ取引,gcレポトリヒキ
2977,GDI,gヂ
2978,GDR,gdr
2979,GDE,gデ
2980,GDP,gdp
2981,GDPR,gdpr
2982,G20,
2983,GPIF,gピf
2984,SWIFT,sウィft
2985,SPAN,sパン
2986,3CE,
2987,SEDOLコード,セドlコード
2988,ZEW景況感指数,ゼwケイキョウカンシスウ
2989,ZEV規制,ゼvキセイ
2990,SONIA（ポンド翌日物平均金利）,ソニア（ポンドヨクジツモノヘイキンキンリ）
2991,SOFR（担保付翌日物調達金利）,ソfr（タンポツキヨクジツモノチョウタツキンリ）
2992,TIBOR（東京銀行間取引金利）,チボr（トウキョウギンコウマドリヒキガネリ）
2993,Target,タrゲt
2994,Target,タrゲt
2995,DAX指数,ダxシスウ
2996,WMA,wマ
2997,WTI,wチ
2998,Tier2（補完的項目）,
2999,TFP,tfp
3000,TAG,タg
3001,TCFD,tcfd
3002,TTS,tts
3003,TTB,ttb
3004,TBA取引,tバトリヒキ
3005,TPP,tpp
3006,TPP11,
3007,T+2,
3008,TLAC債,tlアcサイ
3009,DR,dr
3010,DI,ヂ
3011,DEレシオ,デレシオ
3012,DSA,dサ
3013,DSCR（Debt Service Coverage Ratio）,dscr（デbt セrヴィcエ cオヴェラゲ ラチオ）
3014,DX,dx
3015,DMI,dミ
3016,DMA,dマ
3017,DMA,dマ
3018,D to C,d ト c
3019,DPS,dps
3020,DPU,dプ
3021,DVP,dvp
3022,TOKYO PRO-BOND MARKET,
3023,TOKYO PRO Market,トキョ pロ マrケt
3024,TOPIX 1000,
3025,TOPIX 100,
3026,TOPIX 500,
3027,TOPIX Core30,
3028,TOPIX高配当40指数,
3029,TOPIX Small500,
3030,TOPIX Small,トピx sマll
3031,TOPIXニューインデックスシリーズ,トピxニューインデックスシリーズ
3032,TOPIX Mid400,
3033,TOPIX Large70,
3034,TOPIXリスクコントロール指数,トピxリスクコントロールシスウ
3035,Treasury Bills,tレアスry ビlls
3036,TORF（東京ターム物リスク・フリー・レート）,トrf（トウキョウタームモノリスク・フリー・レート）
3037,NYSE FANG+指数,
3038,NYSEユーロネクスト,ンyセユーロネクスト
3039,NASDAQ,ナsダq
3040,NAFTA,ナfタ
3041,NAV,ナv
3042,NYオプションカット,ンyオプションカット
3043,NY連銀製造業景況指数,ンyレンギンセイゾウギョウケイキョウシスウ
3044,HIBOR（香港銀行間取引金利）,ヒボr（ホンコンギンコウカントリヒキキンリ）
3045,BIBOR（バンコク銀行間取引金利）,ビボr（バンコクギンコウカントリヒキキンリ）
3046,VISTA,ヴィsタ
3047,BIGPIS,ビgピs
3048,BIレート,ビレート
3049,BSI,bシ
3050,BOPビジネス,ボpビジネス
3051,B to C,b ト c
3052,B to B,b ト b
3053,BB,bb
3054,BBSW（オーストラリア銀行間取引金利）,bbsw（オーストラリアギンコウカントリヒキキンリ）
3055,BPS,bps
3056,P2Pレンディング,
3057,PTS,pts
3058,pips,ピps
3059,PIRR,ピrr
3060,PRI,pリ
3061,PRB,prb
3062,PER,ペr
3063,PSI,pシ
3064,PSI,pシ
3065,PSR,psr
3066,PSJ予測統計値,psjヨソクトウケイチ
3067,PFI（Private Finance Initiative）,pフィ（pリヴァテ フィナンcエ イニチアチヴェ）
3068,PMI,pミ
3069,PML（Probable　Maximum　Loss）,
3070,PCFR,pcfr
3071,PBR,pbr
3072,PPI,ッピ
3073,PPP（Public Private Partnership）,ppp（プblイc pリヴァテ パrtネrシp）
3074,PVP決済,pvpケッサイ
3075,FAAA,ファアア
3076,FATCA,ファtcア
3077,FANG,ファンg
3078,FANG+,
3079,FINRA,フィンラ
3080,Fed,フェd
3081,Fedウオッチ,フェdウオッチ
3082,2日新甫は荒れる,
3083,FLOOR,flオオr
3084,VR,vr
3085,VXN指数,vxンシスウ
3086,VaR,ヴァr
3087,Vストックス指数,vストックスシスウ
3088,put-through,
3089,PEGレシオ,ペgレシオ
3090,MICE,ミcエ
3091,MIBOR（ムンバイ銀行間取引金利）,ミボr（ムンバイギンコウカントリヒキキンリ）
3092,MACD,マcd
3093,MANT,マンt
3094,MaaS,マアs
3095,MiFID,ミフィd
3096,MiFID ２,
3097,MOVE指数,モヴェシスウ
3098,EURIBOR（欧州銀行間取引金利）,エウリボr（オウシュウギンコウカントリヒキキンリ）
3099,EURO STOXX 50,
3100,LIBOR（ロンドン銀行間取引金利）,lイボr（ロンドンギンコウカントリヒキキンリ）
3101,Reg S,レg s
3102,RegTech,レgテch
3103,CRB Index,crb インデx
3104,WACC,ワcc
3105,MMT,mmt
3106,VICEファンド,ヴィcエファンド
3107,証券用語解説集,ショウケンヨウゴカイセツシュウ
