,words
0,ＩＦＡ
1,ＩＳＩＮコード
2,相対取引
3,相対売買
4,ＩＴＭ
5,ＩＰＯ
6,ＩＶ
7,アウト・オブ・ザ・マネー
8,青空天井
9,青空銘柄
10,青天井
11,赤三兵
12,悪材料
13,アクティビスト
14,アクティブ運用
15,アク抜け
16,上げ足
17,上げ一服
18,上げ賛成
19,足どり
20,味付け買い
21,アスク
22,アセット・アロケーション
23,頭打ち
24,当たり屋
25,当たる
26,アット・ザ・マネー
27,アップ率
28,アナリスト
29,アナリストリポート
30,アノマリー
31,甘い
32,Ａｍｅｘ
33,アメリカンタイプオプション
34,アヤ
35,アヤ押し
36,アヤ戻し
37,歩み
38,歩み値
39,アルゴリズム高速取引
40,アルゴリズム取引
41,アルゴリズムトレード
42,α（アルファ）値
43,アローヘッド
44,アンダーウエート
45,アンダーライター
46,アンダーライティング
47,安定株
48,安定株主
49,安定操作
50,安定配当
51,アンビシャス
52,アンワインド
53,アービトラージ
54,ＲＳＩ
55,ＲＯＩ
56,ＲＯＩＣ
57,ＲＯＥ
58,ＲＯＡ
59,ＲＣＩ
60,ＲＴＳ指数
61,異彩高
62,異彩安
63,イスタンブール100
64,ＩＳＤＡ
65,板
66,委託証拠金
67,委託手数料
68,委託売買
69,委託保証金
70,委託保証金維持率
71,委託保証金率
72,板寄せ
73,1カイ2ヤリ
74,一巡
75,一段高
76,一段安
77,一番底
78,一番天井
79,一目均衡表
80,一高一低
81,一手売り
82,一手買い
83,いってこい
84,一般気配
85,一般信用取引
86,一服
87,一本線
88,一本値
89,移動平均乖離率
90,移動平均線
91,イナゴ投資家
92,イベント・ドリブン
93,イベント・リスク
94,嫌気
95,いや気売り
96,いや気投げ
97,イレ
98,インカムゲイン
99,因果玉
100,インサイダー取引
101,陰線
102,インターネット証券
103,インターネットブローカー
104,インターマーケットスプレッド取引
105,インデックス
106,インデックス運用
107,インデックス売買
108,インプライドボラティリティー
109,陰陽足
110,イン・ザ・マネー
111,ＥＳＧ投資
112,ＥＣＮ
113,ＥＢ債
114,ＥＰＳ
115,イールドスプレッド
116,イールドレシオ
117,ウォール街
118,受渡し
119,受渡決済
120,受渡決済値段
121,受渡適格銘柄
122,受渡日
123,薄商い
124,内出来
125,生まれ値
126,埋める
127,売り上がり
128,売り飽き
129,売り浴びせ
130,売り安心
131,売り一巡
132,売り一服
133,売方
134,売り玉
135,売り崩し
136,売り気配
137,売り越し
138,売り材料
139,売り残
140,売残高
141,売り出し
142,売り建玉
143,売りつなぎ
144,売り手市場
145,売り手控え
146,売り特別気配
147,売り直し
148,売り抜け
149,売り乗せ
150,売り場
151,売り向かう
152,上影
153,上ザヤ
154,上放れ
155,上値
156,上値が重い
157,上値抵抗線
158,上ヒゲ
159,ＨＦＴ
160,ＨＶ
161,益利回り
162,エクイティファイナンス
163,エクスワラント
164,ＳＭＡ
165,ＳＯＲ注文
166,ＳＱ
167,ＳＴ指数
168,Ｓ＆Ｐ500
169,ＮＴ倍率
170,ＮＹＳＥ
171,ＦＴＳＥ全世界株価指数
172,ＦＴＳＥ100指数
173,ＦＴ100
174,ＦＤルール
175,エマージング市場
176,ＭＳＣＩエマージング・マーケット・インデックス
177,ＭＳＣＩ－ＫＯＫＵＳＡＩ指数
178,ＭＳＣＩ指数
179,ＭＳＣＩ世界株価指数
180,ＭＳＣＢ
181,ＭＰＯ
182,エリオット波動理論
183,円高
184,円安
185,ＡＴＭ
186,ＡＤＲ
187,追い証
188,黄金株
189,往来相場
190,大商い
191,大商い株
192,大株主
193,大型株
194,大口
195,大口取引
196,大阪証券取引所
197,大阪取引所
198,大底
199,大台
200,大天井
201,大引け
202,大引足
203,お化粧買い
204,押し目
205,オシレーター
206,押す
207,踊り場
208,オフショア市場
209,オプション価格
210,オプション取引
211,オプション料
212,思惑買い
213,親株
214,親会社
215,親引け
216,親不孝相場
217,織り込み済み
218,オルタナティブ投資
219,終値
220,終値関与
221,オンショア市場
222,オンライン証券
223,オンラインブローカー
224,オークション方式
225,オーダー・ドリブン
226,ＯＴＭ
227,ＯＴＣ
228,オーバーアロットメント
229,オーバーウエート
230,オーバーシュート
231,買い上がり
232,買い飽き
233,買い安心
234,買い一巡
235,買い一服
236,買い入れ消却
237,買方
238,買方金利
239,回帰トレンド
240,買い玉
241,買い気配
242,買い越し
243,買い下がり
244,買い支え
245,買い材料
246,買い残
247,買残高
248,買い占め
249,買い建玉
250,買い疲れ
251,買い手市場
252,買い手控え
253,回転日数
254,買い特別気配
255,買取引受
256,買い乗せ
257,買い場
258,買い向かう
259,買いもたれ
260,買い持ち
261,買い戻し
262,乖離率
263,カウンターパーティー
264,カウンターパーティーリスク
265,顔合わせ
266,価格変動性
267,価格変動リスク
268,価格優先の原則
269,下降トレンド
270,貸株
271,貸株市場
272,貸株注意喚起銘柄
273,貸株申込制限銘柄
274,加重平均株価
275,加重平均利回り
276,カストディアン
277,仮装売買
278,堅い
279,カタリスト
280,ＣＡＣ４０指数
281,カバードコール
282,カバードプット
283,カバードワラント
284,株価維持政策
285,株価キャッシュフロー倍率
286,株価指数
287,株価指数オプション取引
288,株価指数先物取引
289,株価指標
290,株価収益率
291,株価純資産倍率
292,株価操作
293,株価リンク債
294,株価連動債
295,株価連動銘柄
296,株券
297,株券電子化
298,株式移転
299,株式益利回り
300,株式オプション取引
301,株式給付信託
302,株式公開
303,株式公開買い付け
304,株式交換
305,株式消却
306,株式譲渡制限
307,株式投資収益率
308,株式投資信託
309,株式等振替制度
310,株式売買委託手数料
311,株式ファンド
312,株式分割
313,株式分布状況調査
314,株式併合
315,株式ミニ投資
316,株式無償割当て
317,株式持ち合い
318,株式累積投資制度
319,兜町
320,株主
321,株主還元
322,株主権
323,株主構成
324,株主資本
325,株主資本配当率
326,株主資本利益率
327,株主名簿
328,株主優待制度
329,株主割り当て
330,株不足
331,下方修正
332,下方修正条項付きＣＢ
333,カムワラント
334,カラ売り
335,カラ売り規制
336,カラ売り比率
337,カラ買い
338,借株残
339,仮需
340,仮需要
341,仮条件
342,カレンシーオーバーレイ
343,カレンダースプレッド取引
344,換金売り
345,閑散
346,閑散に売りなし
347,幹事会社
348,幹事証券会社
349,官製相場
350,カントリーリスク
351,監理ポスト
352,監理銘柄
353,外国証券取引口座
354,外国人株主
355,外国人投資家
356,外務員
357,額面
358,合併交付金
359,合併比率
360,ガラ
361,元本リスク
362,ガンマ
363,機関投資家
364,期間騰落率
365,期先
366,期先限月取引
367,期先物
368,期日
369,期日明け
370,期日圧迫
371,期日売り
372,期日向かい
373,基準値段
374,規制銘柄
375,北浜
376,期中償還請求権付新株予約権付社債
377,基調
378,基調転換
379,期近
380,期近限月取引
381,期近物
382,記念配当
383,希薄化
384,規模別株価指数
385,気迷い
386,キャピタルゲイン
387,キャピタルゲイン課税
388,キャピタルマーケット
389,キャピタルロス
390,旧株
391,急騰
392,急反発
393,急反落
394,急落
395,Q-Board
396,強弱観
397,強弱レシオ
398,競争売買
399,恐怖指数
400,きり（限）
401,切り返す
402,金庫株
403,金融先物取引
404,金融先物取引業者
405,金融商品仲介業
406,金融商品取引業
407,金融商品取引業者
408,金融商品取引所
409,金融商品取引法
410,金融相場
411,金融派生商品
412,金利敏感株
413,ギブアップ制度
414,逆ウオッチ曲線
415,逆指し値注文
416,逆ザヤ
417,逆張り
418,逆日歩
419,ギャップアップ
420,ギャップダウン
421,業種
422,業績相場
423,玉
424,玉整理
425,玉ほぐれ
426,食い合い
427,ＱＵＩＣＫコンセンサス
428,空
429,クォート・ドリブン
430,クオンツ
431,クオンツ運用
432,くくり直し
433,くくり直し
434,鯨幕相場
435,くずれる
436,雲
437,クリアリング機構
438,玄人筋
439,黒三兵
440,クロス
441,グラマー・ストック
442,グランビルの法則
443,グリーンシューオプション
444,グリーンシート
445,グリーンシート銘柄
446,グレーマーケット
447,グロース株投資
448,グロース市場
449,グロース投資
450,グローバル株式
451,グローバル・オファリング
452,グローバル・マクロ運用
453,景気循環株
454,景気敏感株
455,ケイ線
456,決済リスク
457,決算ギャンブル
458,ケネディ・ショック
459,気配
460,堅調
461,権利落ち
462,権利落ち日
463,権利確定日
464,権利行使
465,権利行使価格
466,権利行使日
467,権利処理
468,権利付き
469,権利付き最終売買日
470,権利付き最終日
471,権利入札
472,権利放棄
473,下落トレンド
474,減額修正
475,現金授受予定額
476,現金担保
477,限月
478,限月間スプレッド取引
479,限月交代
480,現在値
481,原資産
482,現実買い
483,限日取引
484,減配
485,現引き
486,現物
487,現物取引
488,現渡し
489,小甘い
490,公開買い付け制度
491,公開買い付け説明書
492,公開買い付け代理人
493,公開価格
494,公開基準
495,公開前規制
496,小動き
497,好材料
498,口座設定約諾書
499,高速高頻度取引
500,高頻度取引
501,公募
502,公募価格
503,公募増資
504,公募・売り出し価格
505,効率的フロンティア
506,効力発生日
507,子株
508,子会社
509,小堅い
510,小型株
511,小型株効果
512,国際スワップ・デリバティブ協会
513,国際分散投資
514,小口
515,小じっかり
516,小締まる
517,個人株主
518,個人持ち株比率
519,小高い
520,こなす
521,小幅往来
522,小反発
523,小反落
524,小浮動
525,個別株オプション
526,個別株リンク債
527,個別信用残高
528,小戻す
529,小安い
530,小緩む
531,コーポレートアクション
532,コーポレートガバナンス・コード
533,コールオプション
534,合成先物
535,ご祝儀商い
536,ご祝儀相場
537,後場
538,後場寄り
539,5％ルール
540,ゴルディロックス相場
541,ゴールデンクロス
542,サイコロ
543,サイコロジカルライン
544,最終決済
545,最終気配値段
546,最終清算数値
547,催促相場
548,裁定売り
549,裁定売り残
550,裁定買い残
551,裁定解消売り
552,裁定買い
553,裁定残
554,裁定取引
555,最低保証金維持率
556,才取り会員
557,最良気配
558,最良執行
559,裁量取引
560,酒田罫（ケイ）線
561,酒田五法
562,差額決済
563,先高
564,先物買い
565,先物取引
566,先物理論価格
567,先安
568,差金決済
569,差金決済取引
570,下げ足
571,下げ一服
572,下げ賛成
573,下げ渋る
574,差換預託
575,指し値
576,指し値注文
577,指し値出来ずば引け成行注文
578,札幌証券取引所
579,サポートライン
580,様変わり
581,サマーラリー
582,サヤ
583,サヤ取り
584,サヤ寄せ
585,申酉騒ぐ
586,三角もちあい
587,三点童子
588,散発高
589,ＳＵＮＲＩＳＥ
590,サーキットブレーカー
591,材料
592,材料株
593,材料出尽くし
594,材料難
595,材料待ち
596,ザラ場
597,残玉
598,残高
599,支援材料
600,塩漬け
601,仕掛け
602,仕掛け損
603,仕掛け難
604,シコリ
605,シコリ玉
606,支持線
607,市場エネルギー
608,市場間スプレッド取引
609,市場外部要因
610,市場区分の変更
611,市場性
612,市場内部要因
613,市場リスク
614,システム運用
615,システムトレード
616,私設取引システム
617,下影
618,下支え
619,下支え要因
620,下ザヤ
621,下放れ
622,下値
623,下値支持線
624,下値抵抗線
625,下ヒゲ
626,シ団
627,しっかり
628,仕手
629,指定替え
630,仕手株
631,仕手筋
632,仕手戦
633,品薄株
634,品貸し料
635,品貸料
636,品借り料
637,支配株主
638,支配証券
639,四半期配当
640,資本市場
641,私募
642,締まる
643,社会的責任投資
644,上海Ａ株指数
645,上海証券取引所
646,上海総合指数
647,上海Ｂ株指数
648,週足
649,収益性
650,集中投資
651,主幹事
652,主要株主
653,種類株式
654,消化
655,少額投資非課税制度
656,証券アナリスト
657,証券会社
658,証券外務員
659,証券金融会社
660,証券業
661,証券コード
662,証券コード協議会
663,証券市場
664,証券総合口座
665,証券仲介業
666,証券取引所
667,証券取引責任準備金
668,証券取引等監視委員会
669,証券取引法
670,証券保管振替機構
671,証拠金
672,少数株主
673,少数株主持分
674,小勢
675,商盛
676,消費関連株
677,所属部
678,処分売り
679,ショート
680,ショートカバー
681,ショートポジション
682,シラーＰＥＲ
683,素人筋
684,新株
685,新株落ち
686,新株発行
687,新株引受権
688,新株引受権付社債
689,新株予約権
690,新株予約権証券
691,新株予約権付社債
692,新株予約権無償割当
693,新規売り
694,新規買い
695,新規公開
696,神経質
697,新興市場
698,新興成長市場
699,新証券コード
700,シンジケートカバー取引
701,シンジケート団
702,真正価値
703,深センＢ株
704,新高値
705,新高値更新銘柄
706,新値
707,新値足
708,新値3本足
709,新安値
710,新安値更新銘柄
711,信用売り
712,信用買い
713,信用規制
714,信用取引
715,信用取引金利
716,信用取引残高
717,信用倍率
718,信用評価損益率
719,信用銘柄
720,ＣＦＤ
721,ＣＦＰＳ
722,ＣＧコード
723,シーズン・ストック
724,ＣＢ
725,地合い
726,Ｊ－ＮＥＴ取引
727,ＪＳＣＣ
728,ＪＤＲ
729,ＪＰＸ
730,ＪＰＸ日経400
731,時価総額
732,時価発行
733,時価発行新株予約権信託
734,時価発行増資
735,時間的価値
736,時間分散
737,時間優先の原則
738,自己株
739,自己株式の処分
740,自己資本利益率
741,自己責任原則
742,自己売買
743,自己売買基準
744,自社株
745,自社株買い
746,自社株消却
747,自社株評価
748,地相場
749,実質月内最終売買日
750,実質月替わり
751,実勢相場
752,実体
753,実柱
754,実現損益
755,実需
756,実物取引
757,地場受け
758,地場証券
759,地場筋
760,ジャカルタ総合指数
761,従業員持ち株制度
762,十字線
763,重要事実
764,需給関係
765,需給相場
766,ジュニアＮＩＳＡ
767,需要予測方式
768,順位相関指数
769,循環株
770,循環物色
771,順ザヤ
772,純投資
773,順張り
774,上昇トレンド
775,上伸
776,上場基準
777,上場審査基準
778,上場取引所
779,上場廃止
780,上場廃止基準
781,上場銘柄
782,上場来高値
783,上場来安値
784,情報隔壁
785,上方修正
786,ジリ高
787,ジリ安
788,ＧＤＲ
789,ＧＰＩＦ
790,水準訂正
791,スイングトレード
792,趨勢分析
793,スタイルインデックス
794,スタンダード市場
795,スタンダード・アンド・プアーズ500種指数
796,ストキャスティックス
797,ストックオプション
798,ストップ高
799,ストップ配分
800,ストップ安
801,ストップロスオーダー
802,ストラテジスト
803,ストラテジー取引
804,ストラドル
805,ストラングル
806,ＳＰＡＮ
807,ＳＰＡＮ証拠金額
808,スプレッド
809,スペキュレーション取引
810,スペキュレーター
811,スマートベータ
812,スマートβ
813,スマートベータ運用
814,スマートβ運用
815,スモールティック
816,スローストキャスティクス
817,政策投資
818,政策に売りなし
819,政策保有株
820,清算価格
821,清算機関
822,清算値段
823,成長株
824,成長株投資
825,制度信用取引
826,制度信用銘柄
827,整理
828,整理ポスト
829,整理銘柄
830,セカンダリー・マーケット
831,セクター
832,セクターローテーション
833,セクター・リスク
834,積極運用
835,セリ売買
836,セリング
837,セリング・クライマックス
838,セルサイド
839,先駆株
840,先見性
841,潜在株式
842,ＳＥＮＳＥＸ30指数
843,選択売り
844,選択買い
845,先導株比率
846,選別売り
847,選別買い
848,セータ
849,前日終値
850,前日比
851,全値押し
852,全値戻し
853,前場
854,前引け
855,全面高
856,全面安
857,総合取引所
858,総合利回り
859,総資産利益率
860,相対力指数
861,相場観
862,相場操縦
863,相場つき
864,相場につく
865,底
866,底入れ
867,底打ち
868,底堅い
869,底固め
870,底調べ
871,底値鍛錬
872,底ばい
873,底をつく
874,ソフトダラー
875,損益通算
876,損切り
877,損失補てん
878,増額修正
879,増資
880,増配
881,続伸
882,続落
883,貸借取引
884,貸借倍率
885,貸借銘柄
886,貸借銘柄指定基準
887,大勢
888,大勢観
889,対当売買
890,タイムディケイ
891,タイムリー・ディスクロージャー
892,大量保有開示制度
893,大量保有報告書
894,台湾加権指数
895,高値
896,高値覚え
897,高値警戒
898,高値つかみ
899,高値引け
900,高値待ち
901,高値もみ合い
902,高寄り
903,他社株転換可能債
904,他社株転換債
905,立会
906,立会外取引
907,立会外分売
908,立会時間
909,立会場
910,建玉
911,単元株制度
912,単元未満株
913,単純平均株価
914,単純平均利回り
915,単独株主権
916,担保掛け目
917,第三者割当増資
918,大証
919,ダイナミックヘッジ
920,大納会
921,大発会
922,大暴落
923,代用有価証券
924,ダウ工業株30種平均
925,ダウ採用銘柄
926,ダウ理論
927,ダウンサイドリスク
928,打診売り
929,打診買い
930,ＤＡＸ
931,ＤＡＸ指数
932,ＷＭＡ
933,ダレる
934,ダークプール
935,地政学的リスク
936,地方取引所
937,チャイニーズウォール
938,チャネル
939,チャネルライン
940,チャート
941,チャート分析
942,注意喚起制度
943,注意銘柄
944,中間反騰
945,中間戻し
946,中型株
947,中小型株
948,中心限月
949,中勢
950,中勢観
951,中低位株
952,注文期間
953,長期金融市場
954,超高速取引
955,ちょうちん
956,直接預託
957,追撃売り
958,追撃買い
959,追随高
960,追随安
961,月足
962,月替わり商い
963,突っ込み買い
964,突っ込み警戒
965,突っ込む
966,つなぎ
967,つなぎ外し
968,つみたてＮＩＳＡ
969,強気
970,強腰
971,強含み
972,強もちあい
973,面合わせ
974,つれ高
975,つれ安
976,ティッカーシンボル
977,TICK
978,ティック
979,ティックチャート
980,ＴＯＢ
981,ＴＤｎｅｔ
982,Ｔプラス2
983,Ｔ＋2
984,低位株
985,抵抗線
986,手掛かり
987,手掛かり難
988,適温相場
989,敵対的ＴＯＢ
990,敵対的買収
991,テクニカル指標
992,テクニカル上場
993,テクニカル分析
994,テクニカル・アナリスト
995,手口
996,手じまい
997,手詰まり
998,手控え
999,転換売り
1000,転換価格
1001,転換社債
1002,転換社債型新株予約権付社債
1003,転換点
1004,転換率
1005,天井
1006,天井つかみ
1007,店頭取引
1008,テンバガー
1009,出合い
1010,出合い注文
1011,出合い難
1012,ディスカウントブローカー
1013,ディフェンシブ銘柄
1014,ディフェンシブ・ストック
1015,ＤＲ
1016,ＤＳＡ
1017,ＤＭＡ
1018,ＤＯＥ
1019,ＤＤＭ
1020,ＤＰＳ
1021,ディーラー
1022,ディーリング
1023,デイ・トレーダー
1024,出遅れ株
1025,出来ず
1026,出来ず引成
1027,出来高
1028,出来値
1029,デッド・キャット・バウンス
1030,デッドクロス
1031,出直る
1032,デリバティブ
1033,デルタ
1034,デルタヘッジ
1035,投下資本利益率
1036,投機
1037,TOKYO AIM
1038,東京証券取引所
1039,TOKYO PRO Market
1040,当限
1041,投資一任契約
1042,投資クラブ
1043,投資顧問業
1044,投資者保護基金
1045,投資主体別売買状況
1046,投資部門別売買状況
1047,東証
1048,東証株価指数
1049,東証2部株価指数
1050,東証配当フォーカス100指数
1051,当日決済取引
1052,トウバ
1053,掉尾の一振
1054,騰落株線
1055,騰落率
1056,騰落レシオ
1057,特設注意市場銘柄
1058,特定金銭信託
1059,特定口座
1060,特別売り気配
1061,特別買い気配
1062,特別気配
1063,特別口座
1064,特別支配株主
1065,特別清算指数
1066,特別配当
1067,ToSTNeT取引
1068,特金
1069,突飛高
1070,突飛安
1071,トップダウンアプローチ
1072,トップダウン・アプローチ
1073,飛び付き買い
1074,ＴＯＰＩＸ
1075,ＴＯＰＩＸ Core30
1076,ＴＯＰＩＸ1000
1077,ＴＯＰＩＸニューインデックスシリーズ
1078,ＴＯＰＩＸ１００
1079,止め足
1080,トヨタ自動車第1回ＡＡ型種類株式
1081,トラッキングストック
1082,トリガー価格
1083,取組
1084,取引最終日
1085,取引参加者
1086,取引証拠金
1087,取引所外取引
1088,取引高
1089,トリプルウィッチング
1090,トリプル安
1091,トレンド
1092,トレンドチャネル
1093,トレンドフォロー
1094,トレンド分析
1095,トレンドライン
1096,トレーダー
1097,トレーディング
1098,トンボ
1099,ドイツ株価指数
1100,動意
1101,同一運用
1102,同事線
1103,胴体
1104,独歩高
1105,独歩安
1106,ドテン
1107,ドレッシング買い
1108,内在価値
1109,内需関連株
1110,内部者登録制度
1111,内部者取引
1112,内部成長率
1113,仲立会員
1114,凪相場
1115,投げ
1116,投げ売り
1117,名古屋証券取引所
1118,ナスダック総合指数
1119,夏枯れ相場
1120,なでしこ銘柄
1121,成り行き
1122,成り行き注文
1123,なれ合い売買
1124,軟化
1125,軟調
1126,ナンピン売り
1127,ナンピン買い
1128,日経株価指数300
1129,日経ジャスダック平均株価
1130,日経総合株価指数
1131,日経225　Ｗｅｅｋｌｙオプション
1132,日経平均株価
1133,日経平均高配当株５０指数
1134,日経平均ボラティリティー・インデックス
1135,日中足
1136,日本取引所グループ
1137,日本型預託証券
1138,日本証券アナリスト協会
1139,日本証券業協会
1140,日本証券クリアリング機構
1141,荷もたれ感
1142,ニューヨーク証券取引所
1143,人気株
1144,人気買い
1145,人気相場
1146,ＮＩＳＡ
1147,抜く
1148,ヌーボー・マルシェ
1149,値洗い
1150,値がさ株
1151,値が残る
1152,ネクスト市場
1153,値ごろ感
1154,値ザヤ稼ぎ
1155,ネッティング
1156,ネット証券
1157,値つき
1158,値つき率
1159,値付率
1160,値つけ株
1161,値幅制限
1162,値幅整理
1163,値ぼれ売り
1164,値ぼれ買い
1165,値を消す
1166,年足
1167,年金積立金管理運用独立行政法人
1168,年初来高値
1169,年初来安値
1170,ノイア・マルクト
1171,伸び悩む
1172,乗り換え
1173,配当
1174,配当落ち
1175,配当落調整金
1176,配当課税
1177,配当性向
1178,配当取り
1179,配当割引モデル
1180,ハイブリッド証券
1181,端株
1182,計らい注文
1183,始値
1184,裸相場
1185,裸利回り
1186,発行価格
1187,発行価額
1188,発行市場
1189,発行済株式
1190,発行済み株式数
1191,発行登録制度
1192,発行日決済取引
1193,初値
1194,放れる
1195,早耳
1196,波乱
1197,反省高
1198,反省安
1199,ハンセン株価指数
1200,反対売買
1201,反騰
1202,反動高
1203,反動安
1204,半値押し
1205,半値戻し
1206,反発
1207,繁忙
1208,反落
1209,ハードリミット
1210,場味
1211,媒介
1212,バイサイド
1213,バイナリーオプション取引
1214,売買一任勘定
1215,売買回転率
1216,売買監理銘柄
1217,売買規制措置
1218,売買単位
1219,売買代金
1220,売買代金回転率
1221,売買高
1222,売買取引停止制度
1223,バイ・アンド・ホールド
1224,バスケット取引
1225,場立ち
1226,バタフライスプレッド
1227,バリュエーション
1228,バリュー株投資
1229,バリュー投資
1230,バリュートラップ
1231,バリュー平均法
1232,ＶａＲ
1233,バーチャート
1234,パッケージ取引
1235,パッシブ運用
1236,パフォーマンス
1237,パフォーマンスデータ
1238,パフォーマンス評価
1239,パリティー
1240,日足
1241,日柄
1242,引き受け
1243,引受価額
1244,引受シ団
1245,引受シンジケート団
1246,引直差金
1247,引け
1248,引け後
1249,引け際
1250,引け指し値
1251,引け成
1252,引け値
1253,非公開会社
1254,ヒストリカルボラティリティー
1255,筆頭株主
1256,1株当たりキャッシュフロー
1257,一株当たりキャッシュフロー
1258,1株当たり純資産
1259,一株当たり純資産
1260,1株当たり利益
1261,一株当たり利益
1262,日計り商い
1263,日々公表銘柄
1264,日歩
1265,冷やし玉
1266,冷やす
1267,評価益（損）
1268,標準偏差
1269,比例配分
1270,拾う
1271,ＶＩＸ指数
1272,ビッド
1273,ＢＰＳ
1274,ＰＥＲ
1275,ＰＳＩ20指数
1276,ＰＳＲ
1277,ピーク
1278,ＰＣＦＲ
1279,ＰＴＳ
1280,ＰＢＲ
1281,5ＤＭＡ
1282,ファンダメンタル・バリュー
1283,風説の流布
1284,フェアバリュー
1285,フェア・ディスクロージャー・ルール
1286,フェイル
1287,笛吹き
1288,吹き上げ
1289,吹き値売り
1290,福岡証券取引所
1291,含み益（損）
1292,含み資産
1293,含み資産株
1294,復興特別税
1295,普通株式
1296,普通取引
1297,普通配当
1298,浮動株
1299,浮動株主
1300,浮動株比率
1301,不成注文
1302,踏み
1303,踏み上げ
1304,フラッグ型
1305,フラッシュクラッシュ
1306,振替口座簿
1307,フルインベストメント
1308,フロントランニング
1309,分足
1310,ＶＷＡＰ
1311,ブックビルディング方式
1312,ブックランナー
1313,物色買い
1314,物的証券
1315,ブラックショールズモデル
1316,ブラックマンデー
1317,ブルマーケット
1318,ブルーチップ
1319,ブレイクアウト
1320,ブロック取引
1321,ブロックトレーディング
1322,ブロックトレード
1323,ブローカー
1324,ブローカー業務
1325,ブローキング
1326,分散投資
1327,プットオプション
1328,プライマリー・マーケット
1329,プライム市場
1330,プレミアム
1331,プログラム売買
1332,プロテクティブ・プット
1333,平均取得単価
1334,平均利回り
1335,ヘッジ
1336,ヘッジ売り
1337,ヘッジ取引
1338,ベアマーケット
1339,米国預託証券
1340,ベガ
1341,弁済
1342,弁済期限
1343,ベーシス
1344,ベーシス取引
1345,β（ベータ）値
1346,ベータ値
1347,ペアトレード
1348,ＰＥＧレシオ
1349,ペナント型
1350,保管振替制度
1351,ほぐれる
1352,保険つなぎ
1353,保護預かり
1354,保証金率
1355,細る
1356,ほふり
1357,ホワイトナイト（白馬の騎士）
1358,本格反騰
1359,本質的価値
1360,棒上げ
1361,棒足
1362,棒下げ
1363,防戦売り
1364,防戦買い
1365,暴騰
1366,暴落
1367,ボケる
1368,募集期間
1369,募集終了
1370,ボックス型
1371,ボックス相場
1372,ボトム
1373,ボトムアップアプローチ
1374,ボトムアップ・アプローチ
1375,ボベスパ指数
1376,ボラティリティー
1377,ボリュームレシオ
1378,ボリンジャーバンド
1379,ボンヤリ
1380,ぼんやり
1381,ポイントアンドフィギュア
1382,ポジション
1383,ポジション調整
1384,ポジショントーク
1385,ポートフォリオ
1386,ポートフォリオ運用
1387,曲がり屋
1388,ＭＡＣＤ
1389,窓
1390,幻のSQ
1391,マーケットニュートラル
1392,マーケットメーカー
1393,マーケットメーク方式
1394,マーケット・ニュートラル運用
1395,見送り
1396,見切り千両
1397,未公開株
1398,未上場
1399,見せ板
1400,みなし額面
1401,ミニ株
1402,ミニゴールデンクロス
1403,ミニデッドクロス
1404,無額面株式
1405,無議決権株式
1406,無償増資
1407,銘柄
1408,銘柄コード
1409,名義書き換え
1410,メキシコボルサ指数
1411,目先
1412,目先観
1413,目先筋
1414,モザイク情報
1415,もちあい
1416,持ち合い解消
1417,持ち合い株
1418,もちあい放れ
1419,持ち株比率
1420,持ち高調整
1421,もちつき相場
1422,戻す
1423,戻り
1424,戻り足
1425,戻り売り
1426,もみ合い
1427,モメンタム株
1428,模様眺め
1429,約定
1430,約定代金
1431,約定日
1432,安値
1433,安値覚え
1434,安値拾い
1435,安値引け
1436,安値待ち
1437,安値もみ合い
1438,休む
1439,休むも相場
1440,安寄り
1441,ヤリ気配
1442,やれやれ
1443,有価証券オプション
1444,有効フロンティア
1445,有償増資
1446,優先株
1447,優先市場
1448,優先出資証券
1449,優待利回り
1450,猶予期間
1451,ユニバース
1452,緩む
1453,ユーロ・ストックス５０
1454,様子見
1455,陽線
1456,横ばい
1457,予想配当利回り
1458,予想ＰＥＲ
1459,予想変動率
1460,預託証券
1461,呼び値
1462,寄り付き
1463,寄引同事線
1464,寄り前
1465,弱気
1466,弱腰
1467,弱含み
1468,弱もちあい
1469,四本値
1470,4本値
1471,ヨーロピアンタイプオプション
1472,ライツイシュー
1473,ライツ・オファリング
1474,ラインチャート
1475,ラッセル2000
1476,乱高下
1477,ランダム・ウォーク
1478,利益確定売り
1479,利益配当請求権
1480,利食い
1481,リスク
1482,リスクオフ
1483,リスクオン
1484,リスク回避
1485,リスク許容度
1486,リスク志向
1487,リスク選好
1488,リスクパリティ戦略
1489,理想買い
1490,リターン
1491,リターン・リバーサル
1492,リバランス
1493,リビジョン・インデックス
1494,利回り格差
1495,流通株式
1496,流通市場
1497,流動性
1498,両建て
1499,理論ベーシス
1500,リーブオーダー
1501,類似会社比準価格算定方式
1502,歴史的変動率
1503,レシオ
1504,レジスタンスライン
1505,レッドチップ指数
1506,劣後株式
1507,レバレッジ効果
1508,レンジ相場
1509,連想売り
1510,連想買い
1511,連続約定気配
1512,レーティング
1513,ろうばい売り
1514,ロスカット
1515,ロックアップ
1516,ロング
1517,ロングポジション
1518,ロング・ショート運用
1519,ロンドン証券取引所
1520,ローソク足
1521,ローリング決済
1522,ロールオーバー
1523,ローンチ
1524,割安株
1525,割安株投資
1526,腕力相場
1527,ＩＲＳ
1528,ＩＦＡ
1529,ＩＳＩＮコード
1530,ＩＴＭ
1531,ＩＶ
1532,アウトライト取引
1533,アウトルック
1534,アウト・オブ・ザ・マネー
1535,赤字国債
1536,アキュムレーション
1537,アクティブ運用
1538,足どり
1539,アスク
1540,アセットスワップ
1541,アセット・アロケーション
1542,アット・ザ・マネー
1543,アップ率
1544,アナリストリポート
1545,アメリカンタイプオプション
1546,アモチゼーション
1547,アルゴリズム取引
1548,アルゴリズムトレード
1549,アンダーウエート
1550,アンダーライター
1551,アンワインド
1552,Ｒ＆Ｉ
1553,ＲＭＢＳ
1554,ＲＴＧＳ
1555,ＥＯＮＩＡ
1556,ＩＳＤＡ
1557,委託証拠金
1558,委託売買
1559,一般担保付社債
1560,一本線
1561,イベント・ドリブン
1562,イベント・リスク
1563,イミュニゼーション戦略
1564,依頼格付け
1565,インカムゲイン
1566,陰線
1567,インターバンク市場
1568,インターマーケットスプレッド取引
1569,インデックス
1570,インデックス運用
1571,インデックス売買
1572,インフレ連動債
1573,インプライドボラティリティー
1574,インベストメント・グレード
1575,陰陽足
1576,イン・ザ・マネー
1577,ＥＴＮ
1578,ＥＴＰ
1579,ＥＢ債
1580,イールドカーブ
1581,イールドカーブ・コントロール
1582,イールドスプレッド
1583,イールドダッチ方式
1584,イールドレシオ
1585,ウォッチ中
1586,ウォッチリスト
1587,受渡し
1588,受渡決済
1589,受渡決済値段
1590,受渡適格銘柄
1591,受渡日
1592,売り越し
1593,売り手市場
1594,上値が重い
1595,永久債
1596,永久劣後債
1597,ＨＶ
1598,エクスワラント
1599,Ｓ＆Ｐ
1600,ＳＭＡ
1601,ＮＣＤ
1602,ＦＲＡ
1603,ＦＦ金利
1604,ＦＴＳＥ世界国債インデックス
1605,ＦＢ
1606,エマージング市場
1607,ＭＲＦ
1608,ＭＳＣＢ
1609,ＭＭＦ
1610,ＭＴＮ
1611,ＭＢＳ
1612,縁故債
1613,縁故地方債
1614,円高
1615,円建て外債
1616,円安
1617,ＡＴＭ
1618,ＡＢＳ
1619,応募者利回り
1620,大台
1621,大引足
1622,踊り場
1623,オフショア市場
1624,オプション価格
1625,オプション取引
1626,オプション料
1627,オペ
1628,オペレーション
1629,オペレーション・ツイスト
1630,オルタナティブ投資
1631,オンショア市場
1632,ＯＩＳ
1633,ＯＴＭ
1634,オーバーウエート
1635,オーバーシュート
1636,オープン市場
1637,買い入れ償還
1638,買い入れ消却
1639,買い越し
1640,回号
1641,買い手市場
1642,買い持ち
1643,乖離率
1644,カウンターパーティー
1645,カウンターパーティーリスク
1646,価格競争入札コンベンショナル方式
1647,価格変動性
1648,価格変動リスク
1649,格付け
1650,格付ウォッチ
1651,格付け格差
1652,格付け会社
1653,格付け機関
1654,格付投資情報センター
1655,確定利付き証券
1656,貸し倒れリスク
1657,カストディアン
1658,片端入れ
1659,勝手格付け
1660,カバードコール
1661,カバードプット
1662,カバードボンド
1663,株価リンク債
1664,株価連動債
1665,株式等振替制度
1666,下方修正条項付きＣＢ
1667,カムワラント
1668,借換債
1669,カレンシーオーバーレイ
1670,カレンシースワップ
1671,カレンダースプレッド取引
1672,環境債
1673,換金売り
1674,幹事会社
1675,幹事証券会社
1676,官製相場
1677,カントリーリスク
1678,外貨建て国内債
1679,外国証券取引口座
1680,外国人投資家
1681,外債
1682,額面
1683,元本リスク
1684,ガンマ
1685,機関投資家
1686,期先
1687,期先限月取引
1688,期先物
1689,期中償還
1690,期中償還請求権付新株予約権付社債
1691,基調
1692,基調転換
1693,期近
1694,期近限月取引
1695,期近物
1696,既発債
1697,ＣＡＴボンド
1698,キャップ
1699,ＣＡＰ
1700,キャピタルゲイン
1701,キャピタルゲイン課税
1702,キャピタルマーケット
1703,キャピタルロス
1704,急騰
1705,急反発
1706,急反落
1707,急落
1708,ＱＥ
1709,強弱観
1710,競争売買
1711,共同発行債
1712,共同発行市場公募地方債
1713,共同発行地方債
1714,きり（限）
1715,切り返す
1716,金融債
1717,金融先物取引
1718,金融先物取引業者
1719,金融商品仲介業
1720,金融商品取引所
1721,金融商品取引法
1722,金融調節
1723,金融取
1724,金融派生商品
1725,金利自由化
1726,金利スワップ
1727,金利リスク
1728,ギブアップ制度
1729,逆イールド
1730,逆指し値注文
1731,逆二重通貨建て債
1732,ギャップアップ
1733,銀行等引受債
1734,クオンツ
1735,クオンツ運用
1736,クラウディングアウト
1737,繰り上げ償還
1738,クリアリング機構
1739,クレジットリスク
1740,クレジット・ウォッチ
1741,クレジット・モニター
1742,クーポン
1743,クーポン・スワップ
1744,クーポン・レート
1745,偶発転換社債
1746,グリーンボンド
1747,グレーマーケット
1748,グローバル債券
1749,グローバル・マクロ運用
1750,経過利子
1751,決済リスク
1752,ケネディ・ショック
1753,建設国債
1754,堅調
1755,権利行使
1756,権利行使価格
1757,権利行使日
1758,権利放棄
1759,現金授受予定額
1760,限月
1761,限月間スプレッド取引
1762,限月交代
1763,現先取引
1764,現先レート
1765,現在値
1766,原資産
1767,限日取引
1768,公開市場操作
1769,公共債
1770,口座設定約諾書
1771,公社債
1772,公社債店頭売買参考統計値
1773,公社債投資信託
1774,公社債ファンド
1775,公定歩合
1776,効率的フロンティア
1777,高利回り債
1778,小堅い
1779,国債
1780,国債先物
1781,国際スワップ・デリバティブ協会
1782,国債の入札前取引
1783,国債の発行日前取引
1784,国債のリオープン方式
1785,国債費
1786,国際分散投資
1787,個人向け国債
1788,国庫短期証券
1789,固定金利
1790,個別格付け
1791,個別株リンク債
1792,コマーシャルペーパー
1793,コンバージョン・ファクター
1794,コンベクシティ
1795,コンベンショナル方式
1796,コーポレートアクション
1797,コーラブル債
1798,コールオプション
1799,コール市場
1800,コールローン
1801,合成先物
1802,後場
1803,債券
1804,債券先物取引
1805,債券貸借取引
1806,債券レポ市場
1807,最終決済
1808,最終清算数値
1809,最終利回り
1810,裁定売り
1811,裁定売り残
1812,裁定買い残
1813,裁定解消売り
1814,裁定買い
1815,裁定残
1816,裁定取引
1817,債務担保証券
1818,債務不履行リスク
1819,最優遇貸出金利
1820,最良執行
1821,差額決済
1822,先物取引
1823,先物理論価格
1824,差金決済
1825,差金決済取引
1826,指し値オペ
1827,サムライ債
1828,サヤ
1829,サヤ取り
1830,サヤ寄せ
1831,財政投融資特別会計国債
1832,財投機関債
1833,財投債
1834,財務代理人
1835,残玉
1836,残存期間
1837,仕組債
1838,資産担保証券
1839,市場間スプレッド取引
1840,市場金利
1841,市場リスク
1842,システム運用
1843,私設取引システム
1844,自然利子率
1845,シ団
1846,市中金利
1847,シティ世界国債インデックス
1848,シニア債
1849,資本市場
1850,ＳＨＩＢＯＲ
1851,社債
1852,社債間限定同順位特約
1853,社債管理者
1854,社債担保証券
1855,週足
1856,終利
1857,主幹事
1858,償還
1859,償還期間
1860,償還期日
1861,償還差益
1862,償還年限
1863,商業不動産担保証券
1864,ショウグン債
1865,証券会社
1866,証券業
1867,証券コード協議会
1868,証券市場
1869,証券総合口座
1870,証券仲介業
1871,証券取引所
1872,証券取引責任準備金
1873,証券取引法
1874,証券保管振替機構
1875,証拠金
1876,処分売り
1877,所有期間利回り
1878,ショーグン債
1879,ショート
1880,ショートカバー
1881,ショートポジション
1882,新株引受権付社債
1883,新株予約権付社債
1884,新興成長市場
1885,新証券コード
1886,シンジケート団
1887,真正価値
1888,新長期プライムレート
1889,新値
1890,新発債
1891,信用格付け会社
1892,信用リスク
1893,ＣＦＤ
1894,ＣＭＢＳ
1895,ＣＬＯ
1896,ＣＤ
1897,ＣＤＯ
1898,ＣＢ
1899,ＣＢＯ
1900,ＣＰ
1901,Ｊ－ＮＥＴ取引
1902,ＪＰモルガンＧＢＩ‐ＥＭグローバル・ダイバーシファイド
1903,ＪＳＣＣ
1904,ＪＣＲ
1905,ＪＰＸ
1906,時間的価値
1907,事業債
1908,自己責任原則
1909,自己売買
1910,自己売買基準
1911,実質金利
1912,実現損益
1913,地場証券
1914,ジャンク債
1915,ジャンクボンド
1916,十字線
1917,住宅ローン担保証券
1918,住民参加型公募債
1919,ジュニア債
1920,需要予測方式
1921,順イールド
1922,自由金利
1923,上場取引型金融商品
1924,譲渡性預金
1925,スタンダード・アンド・プアーズ
1926,スティープ化
1927,ストップロスオーダー
1928,ストラテジスト
1929,ストラテジー取引
1930,ストラドル
1931,ストラングル
1932,ストリップス債
1933,ＳＰＡＮ
1934,ＳＰＡＮ証拠金額
1935,スプリット・レーティング
1936,スプレッド
1937,スペキュレーション取引
1938,スペキュレーター
1939,スポットレート
1940,スワップション
1941,スワップ取引
1942,随時償還
1943,政策金利
1944,清算価格
1945,清算機関
1946,清算値段
1947,政府関係機関債
1948,政府短期証券
1949,政府保証外債
1950,政府保証債
1951,セカンダリー・マーケット
1952,積極運用
1953,セリ売買
1954,セリング
1955,セルサイド
1956,セータ
1957,ゼロ金利（政策）
1958,ゼロクーポン債
1959,前場
1960,早期償還
1961,総合取引所
1962,相場操縦
1963,即時グロス決済
1964,ソブリン格付け
1965,ソブリン債
1966,ソブリンリスク
1967,損益通算
1968,損切り
1969,損失補てん
1970,ＴＩＢＯＲ
1971,タイムディケイ
1972,他社株転換可能債
1973,他社株転換債
1974,立会時間
1975,短期金融資産
1976,短期金融市場
1977,短期金利
1978,短期国債
1979,短期債格付け
1980,短期プライムレート
1981,短資会社
1982,単利
1983,タームプレミアム
1984,ダイナミックヘッジ
1985,大暴落
1986,大名債
1987,ダウンサイドリスク
1988,地政学的リスク
1989,地方債
1990,着地取引
1991,チャネル
1992,チャネルライン
1993,チャート
1994,チャート分析
1995,中期国債
1996,中期国債ファンド
1997,中国ファンド
1998,中心限月
1999,抽選償還
2000,注文期間
2001,長期金融市場
2002,長期金利操作
2003,長期国債
2004,長期債格付け
2005,長期プライムレート
2006,超長期国債
2007,超長期社債
2008,直接利回り
2009,直利
2010,ツイストオペ
2011,通貨スワップ
2012,月足
2013,ＴＦＸ
2014,T-Bill
2015,ＴＢ
2016,Ｔプラス2
2017,Ｔ＋2
2018,ＴＬＡＣ債
2019,定額償還
2020,定時償還
2021,適債基準
2022,テクニカル指標
2023,テクニカル分析
2024,転換売り
2025,転換価格
2026,転換社債
2027,転換社債型新株予約権付社債
2028,転換社債市場
2029,転換点
2030,点心債
2031,店頭取引
2032,ディスカウントレート
2033,ディスクロージャー
2034,ディーラー
2035,ディーリング
2036,デットアサンプション
2037,デッド・キャット・バウンス
2038,デフォルトリスク
2039,デュアルカレンシー債
2040,デュレーション
2041,デリバティブ
2042,デルタ
2043,デルタヘッジ
2044,電力債
2045,投機
2046,投機的格付け
2047,東京金融取引所
2048,東京銀行間取引金利
2049,東京証券取引所
2050,TOKYO PRO-BOND Market
2051,当限
2052,投資一任契約
2053,投資顧問業
2054,投資者保護基金
2055,投資適格
2056,投資適格債
2057,投資法人債
2058,東証
2059,トウバ
2060,登録債
2061,特定金銭信託
2062,特定口座
2063,特定社債
2064,特別債
2065,特別目的会社
2066,特例公債法案
2067,特例国債
2068,途中償還
2069,特金
2070,トップダウンアプローチ
2071,止め足
2072,トリガー価格
2073,トリガー条項
2074,取引最終日
2075,取引参加者
2076,取引証拠金
2077,取引高
2078,トリプル安
2079,Treasury bonds
2080,トレジャリー・ゼロ
2081,トレンド
2082,トレンドチャネル
2083,トレンドライン
2084,トレーダー
2085,トレーディング
2086,トンボ
2087,同一運用
2088,同事線
2089,ドットチャート
2090,凪相場
2091,投げ
2092,投げ売り
2093,夏枯れ相場
2094,軟化
2095,軟調
2096,二重通貨建て債
2097,日銀トレード
2098,日銀ネット
2099,日経リンク債
2100,日中足
2101,日本取引所グループ
2102,日本格付研究所
2103,日本証券業協会
2104,日本証券クリアリング機構
2105,任意償還
2106,値洗い
2107,ネッティング
2108,年足
2109,ノッチ
2110,ＮＯＭＵＲＡ－ＢＰＩ
2111,ＮＯＭＵＲＡ－ＢＰＩ総合指数
2112,ハイイールド債
2113,ハイブリッド証券
2114,ＨＩＢＯＲ
2115,ハイ・イールド・ボンド
2116,裸相場
2117,発行市場
2118,発行体
2119,発行体格付け
2120,発行登録制度
2121,反対売買
2122,繁忙
2123,ハードリミット
2124,媒介
2125,バイサイド
2126,売買一任勘定
2127,バイ・アンド・ホールド
2128,バタフライスプレッド
2129,バリュー平均法
2130,ＶａＲ
2131,ＶａＲショック
2132,バンクローン
2133,バーチャート
2134,バーベル型ポートフォリオ
2135,パッシブ運用
2136,パフォーマンス
2137,パフォーマンスデータ
2138,パフォーマンス評価
2139,パリティー
2140,パー
2141,日足
2142,日柄
2143,引き受け
2144,引受価額
2145,引受シ団
2146,引受シンジケート団
2147,引直差金
2148,ヒストリカルボラティリティー
2149,非政府保証債
2150,評価益（損）
2151,標準物
2152,表面利率
2153,ビッド
2154,ＢＢ
2155,ピーク
2156,ＰＴＳ
2157,5ＤＭＡ
2158,ファーストコール
2159,フィッシャー方程式
2160,フィッチ
2161,フィッチ・レーティングス
2162,フェイル
2163,フォワードレート
2164,含み益（損）
2165,含み資産
2166,複利
2167,札割れ
2168,復興債
2169,復興特別税
2170,普通国債
2171,普通社債
2172,不動産担保証券
2173,フラッシュクラッシュ
2174,フラット化
2175,フラット35
2176,振替債
2177,フルインベストメント
2178,フロア
2179,ＦＬＯＯＲ
2180,フロントランニング
2181,分足
2182,物価連動債
2183,ブックビルディング方式
2184,ブックランナー
2185,物上担保付社債
2186,ブラックショールズモデル
2187,ブラックマンデー
2188,ブレイクアウト
2189,ブローカー
2190,ブローカー業務
2191,ブローキング
2192,プットオプション
2193,プライマリー・マーケット
2194,プライムレート
2195,プレミアム
2196,プロテクティブ・プット
2197,平均直利
2198,ヘッジ
2199,ヘッジ売り
2200,ヘッジ取引
2201,変動金利
2202,変動利付債
2203,米ドル建て債券
2204,ベガ
2205,ベーシス
2206,ベーシススワップ
2207,ベーシス取引
2208,ベーシスポイント
2209,ｂｐ
2210,保管振替制度
2211,保護預かり
2212,ほふり
2213,本格反騰
2214,本質的価値
2215,暴騰
2216,暴落
2217,募集期間
2218,募集終了
2219,ボトム
2220,ボトムアップアプローチ
2221,ボラティリティー
2222,ポジション調整
2223,ポートフォリオ
2224,ポートフォリオ運用
2225,マイナス金利（政策）
2226,マネーマーケット
2227,マネー・リザーブ・ファンド
2228,満期
2229,満期一括償還
2230,満期償還
2231,マーケットニュートラル
2232,マーケット・ニュートラル運用
2233,ミディアムタームノート
2234,民間債
2235,無担保コール市場
2236,無担保コール翌日物
2237,無担保社債
2238,ムーディーズ
2239,銘柄
2240,名目金利
2241,メザニン債
2242,メザニンファイナンス
2243,持ち高調整
2244,モーゲージ証券
2245,休むも相場
2246,有効フロンティア
2247,ユニバース
2248,ユーザンス金利
2249,ユーロ円債
2250,ユーロ円3カ月先物
2251,ユーロ債
2252,ユーロ市場
2253,陽線
2254,予想変動率
2255,予備格付け
2256,呼び値
2257,寄引同事線
2258,四本値
2259,4本値
2260,ヨーロピアンタイプオプション
2261,ＬＩＢＯＲ
2262,ラインチャート
2263,乱高下
2264,利益確定売り
2265,リオープン
2266,リキャップＣＢ
2267,利食い
2268,利下げ
2269,リスク
2270,リスクオフ
2271,リスクオン
2272,リスク回避
2273,リスク許容度
2274,リスク志向
2275,リスク選好
2276,リスクパリティ戦略
2277,リスクフリー
2278,リターン
2279,利付金融債
2280,利付債
2281,利払い日
2282,リバランス
2283,リバーサル・レート
2284,リバースデュアルカレンシー債
2285,リバースレポ
2286,リパッケージ債
2287,リファレンス・バンク
2288,利回り
2289,利回り格差
2290,流通市場
2291,流動性
2292,両建て
2293,量的緩和
2294,量的緩和策
2295,量的・質的金融緩和
2296,両端入れ
2297,利率
2298,理論ベーシス
2299,リーブオーダー
2300,歴史的変動率
2301,レセプト債
2302,劣後債
2303,レバレッジ効果
2304,レベニュー債
2305,レポ市場
2306,レポ取引
2307,レーティング
2308,レーティング・モニター
2309,ロング
2310,ロングポジション
2311,ロング・ショート運用
2312,ロンドン銀行間取引金利
2313,ローソク足
2314,ローリング決済
2315,ロールオーバー
2316,ローン担保証券
2317,ローンチ
2318,ワラント
2319,割引国債
2320,割引債
2321,割引短期国債
2322,割引率
2323,ＩＣＯ
2324,ＩＶ
2325,アウトライト取引
2326,赤三兵
2327,足どり
2328,アセットスワップ
2329,アナリストリポート
2330,アンワインド
2331,ＩＳＤＡ
2332,委託売買
2333,一目均衡表
2334,一本線
2335,移動平均乖離率
2336,移動平均線
2337,イベント・ドリブン
2338,イベント・リスク
2339,陰線
2340,インターバンク市場
2341,インターマーケットスプレッド取引
2342,インデックス
2343,インデックス売買
2344,インフレ・ヘッジ
2345,インフレーション・リスク
2346,インプライドボラティリティー
2347,陰陽足
2348,受渡決済
2349,受渡決済値段
2350,受渡適格銘柄
2351,受渡日
2352,上値が重い
2353,上値抵抗線
2354,ＨＶ
2355,ＳＭＡ
2356,ＮＤＦ
2357,ＦＸ
2358,エマージング市場
2359,ＭＭＴ
2360,エリオット波動理論
2361,円円スワップ
2362,円キャリー取引
2363,円金利スワップ
2364,Yen Swap
2365,円高
2366,円安
2367,大台
2368,大引足
2369,オシレーター
2370,踊り場
2371,オプション価格
2372,オプション取引
2373,オプション料
2374,オルタナティブ投資
2375,オーバーシュート
2376,回帰トレンド
2377,介入
2378,買い持ち
2379,カウンターパーティー
2380,カウンターパーティーリスク
2381,価格変動性
2382,価格変動リスク
2383,カットオフタイム
2384,カバードコール
2385,カバードプット
2386,カバードワラント
2387,カレンシーオーバーレイ
2388,カレンシースワップ
2389,カレンダースプレッド取引
2390,為替介入
2391,為替感応度
2392,為替操作国
2393,為替ヘッジ
2394,為替ヘッジコスト
2395,為替ヘッジプレミアム
2396,為替報告書
2397,為替リスク
2398,カントリーリスク
2399,外国為替および外国貿易法
2400,外国為替市場
2401,外国為替証拠金取引
2402,外国為替平衡操作
2403,外国人投資家
2404,外為法
2405,ガンマ
2406,機関投資家
2407,期先
2408,期先限月取引
2409,期先物
2410,基軸通貨
2411,基調
2412,基調転換
2413,期近
2414,期近限月取引
2415,期近物
2416,キャリートレード
2417,急騰
2418,急反発
2419,急反落
2420,急落
2421,強弱観
2422,協調介入
2423,きり（限）
2424,切り返す
2425,金融先物取引
2426,金融先物取引業者
2427,金融商品取引所
2428,金融商品取引法
2429,金融取
2430,金融派生商品
2431,ギブアップ制度
2432,ギャップアップ
2433,クオンツ
2434,クオンツ運用
2435,雲
2436,黒三兵
2437,クロスレート
2438,クーポン・スワップ
2439,グローバル・マクロ運用
2440,ケイ線
2441,決済リスク
2442,ケネディ・ショック
2443,堅調
2444,権利行使
2445,権利行使価格
2446,権利行使日
2447,権利放棄
2448,現金授受予定額
2449,限月
2450,限月間スプレッド取引
2451,限月交代
2452,現在値
2453,原資産
2454,現代貨幣理論
2455,現代金融理論
2456,限日取引
2457,口座設定約諾書
2458,効率的フロンティア
2459,小堅い
2460,国際スワップ・デリバティブ協会
2461,国際分散投資
2462,固定相場制
2463,コールオプション
2464,合成先物
2465,ゴールデンクロス
2466,最終決済
2467,最終清算数値
2468,裁量取引
2469,酒田罫（ケイ）線
2470,酒田五法
2471,差額決済
2472,先物取引
2473,先物理論価格
2474,先渡取引
2475,差金決済
2476,差金決済取引
2477,サヤ
2478,サヤ寄せ
2479,三角もちあい
2480,残玉
2481,市場間スプレッド取引
2482,市場リスク
2483,システム運用
2484,システムトレード
2485,週足
2486,証券取引法
2487,証拠金
2488,処分売り
2489,ショート
2490,ショートポジション
2491,新規暗号資産公開
2492,新興国通貨
2493,新興成長市場
2494,新値
2495,新値足
2496,新値3本足
2497,ＣＦＤ
2498,ＪＳＣＣ
2499,時間的価値
2500,直物取引
2501,自己責任原則
2502,実効為替レート
2503,実質為替レート
2504,実現損益
2505,十字線
2506,ストラテジー取引
2507,ストラドル
2508,ストラングル
2509,ＳＰＡＮ
2510,ＳＰＡＮ証拠金額
2511,スプレッド
2512,スペキュレーション取引
2513,スペキュレーター
2514,スポット取引
2515,スポットレート
2516,スワップション
2517,スワップ取引
2518,スワップポイント
2519,清算価格
2520,清算機関
2521,清算値段
2522,セータ
2523,ゼロサムゲーム
2524,損益通算
2525,損切り
2526,対顧客市場
2527,対顧客相場
2528,タイムディケイ
2529,単独介入
2530,ダイナミックヘッジ
2531,大暴落
2532,ダウ理論
2533,ダウンサイドリスク
2534,ＷＭＡ
2535,地政学的リスク
2536,チャネル
2537,チャネルライン
2538,チャート
2539,チャート分析
2540,中心限月
2541,通貨オプション
2542,通貨切り上げ
2543,通貨切り下げ
2544,通貨交換協定
2545,通貨スワップ
2546,通貨戦争
2547,通貨バスケット制
2548,月足
2549,ＴＦＸ
2550,ＴＴＳ
2551,ＴＴＭ
2552,ＴＴＢ
2553,Ｔプラス2
2554,Ｔ＋2
2555,テクニカル指標
2556,テクニカル分析
2557,転換点
2558,ＤＭＡ
2559,ディーラー
2560,ディーリング
2561,デイ・トレーダー
2562,デッド・キャット・バウンス
2563,デッドクロス
2564,デノミ
2565,デノミネーション
2566,デリバティブ
2567,デルタ
2568,デルタヘッジ
2569,電信売相場
2570,電信買相場
2571,投機
2572,東京金融取引所
2573,当限
2574,投資一任契約
2575,トウバ
2576,トップダウンアプローチ
2577,止め足
2578,取引参加者
2579,取引高
2580,トリプル安
2581,トレンド
2582,トレンドチャネル
2583,トレンドライン
2584,トレーダー
2585,トレーディング
2586,トンボ
2587,同事線
2588,ドルペッグ
2589,ドル本位制
2590,仲値
2591,凪相場
2592,投げ
2593,投げ売り
2594,夏枯れ相場
2595,軟化
2596,軟調
2597,日中足
2598,日本証券クリアリング機構
2599,値洗い
2600,ネッティング
2601,年足
2602,ハードリミット
2603,バイナリーオプション取引
2604,バタフライスプレッド
2605,バリュー平均法
2606,バーチャート
2607,日足
2608,日柄
2609,ヒストリカルボラティリティー
2610,非ゼロサムゲーム
2611,非不胎化介入
2612,評価益（損）
2613,ｐｉｐｓ
2614,ピーク
2615,5ＤＭＡ
2616,フォワード取引
2617,含み益（損）
2618,不胎化介入
2619,フラッグ型
2620,フラッシュクラッシュ
2621,フロントランニング
2622,フロート制
2623,分足
2624,ブラックショールズモデル
2625,ブラックマンデー
2626,ブレイクアウト
2627,ブローカー
2628,ブローカー業務
2629,ブローキング
2630,プットオプション
2631,プレミアム
2632,プロテクティブ・プット
2633,ヘッジ
2634,ヘッジ売り
2635,ヘッジ取引
2636,変動相場制
2637,ベガ
2638,ベーシススワップ
2639,ペアトレード
2640,ペッグ制
2641,ペナント型
2642,本格反騰
2643,本質的価値
2644,暴騰
2645,暴落
2646,ボックス型
2647,ボトム
2648,ボトムアップアプローチ
2649,ボラティリティー
2650,ポジション
2651,ポジション調整
2652,ポジショントーク
2653,ポートフォリオ運用
2654,ＭＡＣＤ
2655,マーケットニュートラル
2656,マーケットメーカー
2657,ミセス・ワタナベ
2658,ミニゴールデンクロス
2659,ミニデッドクロス
2660,持ち高調整
2661,休むも相場
2662,有効フロンティア
2663,輸出予約
2664,輸入予約
2665,ユーロ
2666,ユーロ市場
2667,陽線
2668,予想変動率
2669,寄引同事線
2670,四本値
2671,4本値
2672,ラインチャート
2673,乱高下
2674,利益確定売り
2675,利食い
2676,リスク
2677,リスクオフ
2678,リスクオン
2679,リスク回避
2680,リスク許容度
2681,リスク志向
2682,リスク選好
2683,リスクパリティ戦略
2684,リバランス
2685,利回り格差
2686,両建て
2687,理論ベーシス
2688,歴史的変動率
2689,レバレッジ効果
2690,ロング
2691,ロングポジション
2692,ロング・ショート運用
2693,ローソク足
2694,ロールオーバー
2695,愛称
2696,ＩＳＩＮコード
2697,アウトパフォーマンス
2698,アウトパフォーム
2699,アクティブ運用
2700,アクティブリターン
2701,アクティブ・ファンド
2702,アセットクラス
2703,アセット・アロケーション
2704,アドバイザー
2705,α（アルファ）値
2706,アンダーウエート
2707,アンダーパフォーマンス
2708,アンダーパフォーム
2709,安定運用
2710,ＲＲ分類
2711,Ｒ2
2712,委託会社
2713,委託者
2714,ｉＤｅＣｏ
2715,イデコ
2716,ｉＤｅＣｏ＋
2717,インカムゲイン
2718,インディカティブＮＡＶ
2719,インデックス
2720,インデックス運用
2721,インデックス売買
2722,インデックス・ファンド
2723,インフォメーションリスク
2724,インフォメーション・レシオ
2725,インフラファンド
2726,インベスターリターン
2727,ＥＴＦ
2728,ＥＴＣ
2729,ＥＴＰ
2730,受渡日
2731,内枠方式
2732,運営管理機関
2733,運管
2734,運用アドバイザー会社
2735,運用会社
2736,運用制限
2737,運用報告書
2738,運用方針
2739,エコファンド
2740,ＳＲＩファンド
2741,Ｓ＆Ｐ新興国ＲＥＩＴ指数
2742,Ｓ＆Ｐ先進国ＲＥＩＴ指数
2743,ＦＦＯ
2744,ＦＴＳＥ世界国債インデックス
2745,エマージング市場
2746,ＭＲＦ
2747,ＭＳＣＩエマージング・マーケット・インデックス
2748,ＭＳＣＩ－ＫＯＫＵＳＡＩ指数
2749,ＭＳＣＩ指数
2750,ＭＭＦ
2751,ＭＬＰ
2752,オフショアファンド
2753,オルタナティブ投資
2754,オーバーウエート
2755,オープンエンド型
2756,オープン型
2757,オープン型投資信託（オープン投信）
2758,オープンファンド
2759,海外ＥＴＦ
2760,会社型投資信託
2761,買付手数料
2762,買取請求
2763,解約
2764,解約価額
2765,解約金支払日
2766,解約請求
2767,解約手数料
2768,確定拠出年金
2769,株価指数連動型上場投資信託
2770,株式投資信託
2771,株式等振替制度
2772,株式ファンド
2773,為替ヘッジ
2774,為替ヘッジコスト
2775,為替ヘッジプレミアム
2776,為替リスク
2777,監査費用
2778,監査報酬
2779,カントリーファンド
2780,外貨建てＭＭＦ
2781,外国籍投信
2782,外国投資信託
2783,外国投信
2784,外債
2785,外部成長
2786,元本払戻金
2787,期間騰落率
2788,企業型確定拠出年金
2789,企業型ＤＣ
2790,企業型401ｋ
2791,企業の社会的責任
2792,基準価額
2793,協会コード
2794,共通ＫＰＩ
2795,拠出限度額
2796,記録関連運営管理機関
2797,金融商品取引業
2798,金融商品取引業者
2799,金融商品取引法
2800,口数
2801,組入債券区分
2802,組入制限
2803,組入銘柄
2804,繰り上げ償還
2805,クローズ型
2806,クローズド明け日
2807,クローズドエンド型
2808,クローズド期間
2809,クーリングオフ
2810,グロース株投資
2811,グロース投資
2812,グロース・ファンド
2813,グローバル株式
2814,契約型投資信託
2815,決算期間
2816,決算日
2817,決定係数
2818,コアサテライト運用
2819,公社債投資信託
2820,公社債ファンド
2821,交付目論見書
2822,公募株式投資信託
2823,公募投資信託
2824,国内ＥＴＦ
2825,国内投資信託
2826,国民年金基金連合会
2827,個人型確定拠出年金
2828,個人型ＤＣ
2829,個人型401ｋ
2830,個別元本
2831,個別元本方式
2832,コモディティ上場投資信託
2833,コモディティー投資
2834,合同運用
2835,ご当地ファンド
2836,再投資
2837,資源国
2838,シティ世界国債インデックス
2839,私募投資信託
2840,私募投信
2841,社会的責任投資
2842,シャープ測度
2843,シャープ・レシオ
2844,収益調整金
2845,修正ＮＡＶ
2846,集団投資スキーム
2847,償還
2848,償還期間
2849,償還期日
2850,償還金
2851,償還年限
2852,償還日
2853,償還予定日
2854,少額投資非課税制度
2855,証券取引法
2856,新規販売停止
2857,新興成長市場
2858,信託期間
2859,信託契約
2860,信託財産
2861,信託財産留保額
2862,信託受益権
2863,信託報酬
2864,信託約款
2865,ＣＩＯ
2866,ＪＰモルガンＧＢＩ‐ＥＭグローバル・ダイバーシファイド
2867,ジェンセンα
2868,Ｊ－ＲＥＩＴ
2869,実績分配額
2870,自動移管
2871,受益権
2872,受益者
2873,受益証券
2874,受託会社
2875,受託銀行
2876,受託者
2877,ジュニアＮＩＳＡ
2878,純資産総額
2879,上場投資信託
2880,上場取引型金融商品
2881,ＧＰＩＦ
2882,スイッチング
2883,スポット型投資信託
2884,請求目論見書
2885,成長株ファンド
2886,積極運用
2887,設定解約額
2888,設定日
2889,設定来騰落率
2890,セレクト型ファンド
2891,外枠方式
2892,ソブリン債
2893,単位型
2894,単位型投資信託
2895,ターゲットイヤー型
2896,第1号被保険者
2897,代行協会員
2898,第3号被保険者
2899,第2号被保険者
2900,中期国債ファンド
2901,中国ファンド
2902,中小事業主掛金納付制度
2903,超過収益率
2904,超過リターン
2905,追加型
2906,追加型投資信託
2907,追加設定
2908,通貨選択型投資信託
2909,つみたてＮＩＳＡ
2910,定時償還
2911,ディスクロージャー
2912,ＤＣ
2913,投資口
2914,投資証券
2915,投資信託
2916,投資信託委託会社
2917,投資信託協会
2918,投資信託販売会社
2919,投資信託評価機関
2920,投資信託分類
2921,投資信託法
2922,投資信託約款
2923,投資制限制度
2924,投資主
2925,投資ファンド
2926,投資法人
2927,東証ＲＥＩＴ指数
2928,当初設定額
2929,当初募集期間
2930,投信
2931,投信委託会社
2932,投信協会分類
2933,騰落率
2934,特別分配金
2935,特別法人税
2936,特法税
2937,トラッキング・エラー
2938,トレイナー測度
2939,トータルリターン
2940,ドル・コスト平均法
2941,内部成長
2942,ＮＡＶ
2943,日経300株価指数連動型上場投資信託
2944,日本版401ｋ
2945,ＮＩＳＡ
2946,年換算利回り
2947,年金積立金管理運用独立行政法人
2948,ＮＯＭＵＲＡ－ＢＰＩ総合指数
2949,乗り換え
2950,ノーロード
2951,ノーロード投資信託
2952,ノーロード・ファンド
2953,ハイウォーターマーク
2954,販売会社
2955,販売終了
2956,販売中止
2957,販売停止
2958,販売手数料
2959,バスケット通貨
2960,バランス・ファンド
2961,バリュー株投資
2962,バリュー投資
2963,バリュー・ファンド
2964,パッシブ運用
2965,パッシブ・ファンド
2966,パフォーマンス
2967,パフォーマンスデータ
2968,パフォーマンス評価
2969,1口元本
2970,一口元本
2971,日々決算型投資信託
2972,日々決算型ファンド
2973,標準偏差
2974,ファミリーファンド
2975,ファンド
2976,ファンドラップ
2977,ファンド・オブ・ファンズ
2978,フォーミュラ・プラン
2979,復興特別税
2980,普通分配金
2981,不動産投資信託
2982,ブルベア型
2983,分配落ち
2984,分配金
2985,分配準備積立金
2986,分配方針
2987,プロ向けファンド
2988,平均信託金
2989,ヘッジファンド
2990,ベビーファンド
2991,ベンチマーク
2992,β（ベータ）値
2993,ベータ値
2994,保管振替制度
2995,保護預かり
2996,募集期間
2997,募集終了
2998,募集中止
2999,募集停止
3000,ポートフォリオ
3001,毎月分配型ファンド
3002,マクロ経済スライド
3003,マザーファンド
3004,マネージドフューチャーズ
3005,マネープールファンド
3006,マネー・リザーブ・ファンド
3007,満期
3008,ミューチュアルファンド
3009,申込単位
3010,申込手数料
3011,目論見書
3012,有価証券オプション
3013,ユニット型投資信託
3014,ユニバース
3015,401ｋ
3016,401ｋ対象ファンド
3017,ライフサイクルファンド
3018,ライフスタイルファンド
3019,ラップ型投信
3020,利益超過分配金
3021,リスク
3022,リスク限定型ファンド
3023,リターン
3024,ＲＥＩＴ
3025,累積リターン
3026,るいとう
3027,レーティング
3028,割安株ファンド
3029,ＩＩＦ
3030,ＩＲ
3031,ＩＳＭ製造業・非製造業景気指数
3032,ＩＳＯ規格
3033,ＩＦＣ
3034,ＩＭＦ
3035,ＩＬＯ失業率
3036,ＩＡＳＢ
3037,ＩｏＴ
3038,ＩＳＡ
3039,ＩＣＳＩＤ
3040,ＩＣＯ
3041,ＩＤＡ
3042,ＩＢＲＤ
3043,Ｉｖｅｙ購買担当者景況感指数
3044,ＩＰＯ
3045,アイランドリバーサル
3046,青色申告
3047,赤字国債
3048,アクティビスト
3049,アクルーアル
3050,アジアインフラ投資銀行
3051,アジア欧州会議
3052,アジア開発銀行
3053,アジア太平洋経済協力会議
3054,ＡＳＥＡＮ
3055,ＡＳＥＭ
3056,アナリスト
3057,アナリストリポート
3058,アニュアルリポート
3059,アマゾンエフェクト
3060,Ａｍｅｘ
3061,粗利
3062,アルトコイン
3063,アレンジャー
3064,ＵＮＣＴＡＤ
3065,暗号資産
3066,アンダーライター
3067,アンダーライティング
3068,安定株
3069,安定株主
3070,アービトラージャー
3071,ＲＩＣＩ（Ｒ）
3072,ＲＩＣＳ住宅価格指数
3073,ＲＯＩ
3074,ＲＯＩＣ
3075,ＲＯＥ
3076,ＲＯＡ
3077,ＲＯＣ
3078,ＲＣＥＰ
3079,ＲＴＳ指数
3080,ＲＴＧＳ
3081,ＲＤＥＩ
3082,ＩＯＳＣＯ
3083,ＥＯＮＩＡ
3084,イスタンブール100
3085,ＩＳＤＡ
3086,ＥＳＯＰ
3087,委託会社
3088,委託者
3089,委託売買
3090,一年基準
3091,一帯一路
3092,一致指数
3093,一般会計
3094,一般歳出
3095,一般担保付社債
3096,ｉＤｅＣｏ
3097,イデコ
3098,ｉＤｅＣｏ＋
3099,委任状闘争
3100,ＩＦＲＳ
3101,イベント・リスク
3102,インカムアプローチ
3103,インサイダー取引
3104,インタレストカバレッジレシオ
3105,インターコンチネンタル取引所
3106,インターネット証券
3107,インターネットブローカー
3108,インバウンド消費
3109,インフラファンド
3110,インフレ
3111,インフレギャップ
3112,インフレターゲット
3113,インフレ連動債
3114,インフレ・ヘッジ
3115,インフレーション
3116,インフレーション・リスク
3117,インベストメント・バンク
3118,ＥＩＲＲ
3119,ＥＩＡ週間石油統計
3120,ESPフォーキャスト調査
3121,ＥＬＡ
3122,ＥＣＢ
3123,ＥＣＢの資金供給枠
3124,ＥＣＢ理事会
3125,ＥＢＩＴＤＡ
3126,ＥＢＲＤ
3127,ＥＰＡ
3128,Ｉｆｏ景況感指数
3129,ＥＶ
3130,EV/EBITDA倍率
3131,ＥＶＡ
3132,ＥＵ
3133,イールドカーブ・コントロール
3134,ウィンブルドン現象
3135,Web3.0
3136,Ｗｅｓｔｐａｃ消費者信頼感指数
3137,ウォッチ中
3138,ウォッチリスト
3139,ウォレット
3140,ウォール街
3141,受取手形
3142,受渡し
3143,内枠方式
3144,売上債権回転率
3145,売上総利益
3146,売上高成長率
3147,売上高販管費率
3148,売掛金
3149,売掛債権
3150,売り手市場
3151,運営管理機関
3152,運管
3153,運用関係費用
3154,運用会社
3155,営業外収益
3156,営業外費用
3157,営業外利益
3158,営業キャッシュフロー
3159,営業循環基準
3160,営業報告書
3161,営業利益
3162,Ｈ株指数
3163,益金不算入制度
3164,益出し
3165,エクイティファイナンス
3166,エクスポージャー
3167,エコカー減税
3168,エコノミスト
3169,ＳＩＶ
3170,Ｓ＆Ｐケース・シラー住宅価格指数
3171,ＳＲＩ
3172,ＳＥＣ
3173,ＳＡＣＣＩ景況感指数
3174,ＳＧＸ
3175,ＳＷＸ
3176,ST（セキュリティトークン）
3177,STO（セキュリティトークン・オファリング）
3178,ＳＴ指数
3179,ＳＤＲ
3180,Ｓ＆Ｐ500
3181,ＳＰＣ
3182,Ｓ＆Ｐ新興国ＲＥＩＴ指数
3183,Ｓ＆Ｐ先進国ＲＥＩＴ指数
3184,ＳＶＭＥ購買担当者景況指数
3185,ＸＢＲＬ
3186,ＥＤＩＮＥＴ
3187,ＥＤＧＡＲ
3188,NFT
3189,ＮＯＩ
3190,ＮＯＩ利回り
3191,ＮＣＦ
3192,ＮＣＤ
3193,ＮＹＳＥユーロネクスト
3194,ＮＹＳＥ
3195,ＦＲＢ
3196,ＦＳＢ
3197,ＦＦ金利
3198,ＦＯＭＣ
3199,ＦＴＳＥ世界国債インデックス
3200,ＦＴＳＥ全世界株価指数
3201,ＦＴＳＥ100指数
3202,ＦＴ100
3203,ＦＤルール
3204,ＦＢ
3205,ＦＰ
3206,エマージング市場
3207,ＭＩＧＡ
3208,Ｍ＆Ａ
3209,ＭＥＢＯ
3210,ＭＳＣＩエマージング・マーケット・インデックス
3211,ＭＳＣＩ－ＫＯＫＵＳＡＩ指数
3212,ＭＳＣＩ指数
3213,ＭＳＣＩ世界株価指数
3214,ＭＭＴ
3215,ＭＭ理論
3216,ＭＢＳ
3217,ＭＢＡ住宅ローン申請指数
3218,ＭＢＯ
3219,ＭＰＯ
3220,エリサ法
3221,ＬＭＥ
3222,ＬＧＢＴ
3223,ＬＴＶ
3224,ＬＢＯ
3225,円借款
3226,エンジェル
3227,エンジェル税制
3228,円高
3229,円安
3230,ＡＩＩＢ
3231,ＡＥＯ制度
3232,ＡＳＢＪ
3233,ＡＮＺ企業信頼感指数
3234,ＡＬＭ
3235,ＡＤＲ
3236,ＡＤＢ
3237,ＡＤＰ雇用者数
3238,ＡＢＳ
3239,ＡＢＬ
3240,ＡＰＥＣ
3241,オイルマネー
3242,黄金株
3243,欧州経済共同体
3244,欧州中央銀行
3245,欧州通貨制度
3246,欧州復興開発銀行
3247,欧州連合
3248,大株主
3249,大阪証券取引所
3250,大阪取引所
3251,大手証券
3252,踊り場
3253,オフバランスシート
3254,オペ
3255,ＯＰＥＣ
3256,オペレーション
3257,オペレーション・ツイスト
3258,親会社
3259,オリジネーター
3260,卸売売上高
3261,卸売在庫（米国）
3262,卸売物価指数
3263,オンライン証券
3264,オンラインブローカー
3265,ＯＥＣＤ
3266,ＯＥＣＤ景気先行指数
3267,ＯＭＳ
3268,ＯＤＡ
3269,オーバーシュート型コミットメント
3270,オープン市場
3271,オールドエコノミー
3272,買掛金
3273,買掛債務
3274,海外直接投資
3275,買い占め
3276,会社更生法
3277,会社分割
3278,改正金融機能強化法
3279,買い手市場
3280,回転日数
3281,介入
3282,格付ウォッチ
3283,確定給付企業年金
3284,確定申告
3285,貸し倒れリスク
3286,貸出支援基金
3287,貸付金
3288,貸付債権
3289,可処分所得
3290,加重平均
3291,加重平均資本コスト
3292,過剰債務
3293,仮想通貨
3294,仮想通貨法
3295,課徴金減免制度
3296,ＣＡＣ４０指数
3297,カットオフタイム
3298,加入者拠出
3299,株価維持政策
3300,株券
3301,株式移転
3302,株式給付信託
3303,株式公開
3304,株式公開買い付け
3305,株式交換
3306,株式消却
3307,株式譲渡制限
3308,株式等振替制度
3309,株式分割
3310,株式併合
3311,株式持ち合い
3312,兜倶楽部
3313,兜町
3314,株主
3315,株主権
3316,株主構成
3317,株主資本
3318,株主資本配当率
3319,株主資本利益率
3320,株主総会
3321,株主提案権
3322,株主名簿管理人
3323,株主優待制度
3324,株主割り当て
3325,貨幣数量説
3326,下方修正
3327,カマコンバレー
3328,借入金融
3329,借換債
3330,仮需
3331,仮需要
3332,カルパース
3333,為替介入
3334,為替感応度
3335,為替操作国
3336,為替ヘッジ
3337,為替ヘッジコスト
3338,為替ヘッジプレミアム
3339,為替報告書
3340,為替リスク
3341,監査意見
3342,監査法人
3343,幹事会社
3344,幹事証券会社
3345,間接金融
3346,関税割当制度
3347,完全失業率
3348,環太平洋連携協定
3349,カントリーランキング
3350,カントリーリスク
3351,カーブアウト
3352,外貨準備
3353,外国為替および外国貿易法
3354,外国為替市場
3355,外国為替平衡操作
3356,外国子会社合算税制
3357,概算要求基準
3358,外為法
3359,外部金融
3360,合従連衡
3361,合併
3362,合併交付金
3363,合併比率
3364,元本
3365,元本確保型商品
3366,機械受注統計
3367,機関投資家
3368,危機対応融資
3369,企業会計基準委員会
3370,企業会計原則
3371,企業型確定拠出年金
3372,企業型ＤＣ
3373,企業型401ｋ
3374,企業業績
3375,企業行動に関するアンケート調査
3376,企業再生ファンド
3377,企業在庫（米国）
3378,企業統治
3379,企業年金連合会
3380,企業の社会的責任
3381,企業物価指数
3382,企業向けサービス価格指数
3383,基軸通貨
3384,基準地価
3385,基準割引率および基準貸付利率
3386,季節調整値
3387,基礎的財政収支
3388,基礎年金
3389,期待インフレ率
3390,北浜
3391,キチンサイクル
3392,既得権益
3393,キャッシュ・コンバージョン・サイクル
3394,キャッシュフロー
3395,キャッシュフロー計算書
3396,キャッシュリッチ
3397,ＣＡＰＭ
3398,キャップレート
3399,キャピタルフライト
3400,キャピタルマーケット
3401,ＣＡＰＥＸ
3402,ＱＲコード決済
3403,休眠預金
3404,給与所得控除
3405,ＱＥ
3406,ＱＥ３
3407,ＱＥ２
3408,ＱＤＩＩ
3409,ＱＦＩＩ
3410,Q-Board
3411,教育資金の一括贈与非課税措置
3412,共益権
3413,共済年金
3414,協調介入
3415,協調融資
3416,協同組織金融機関
3417,恐怖指数
3418,共有型経済
3419,拠出限度額
3420,寄与度
3421,記録関連運営管理機関
3422,緊急輸入制限
3423,緊急流動性支援
3424,金融安定理事会
3425,金融活動作業部会
3426,金融記者クラブ
3427,金融経済
3428,金融経済月報
3429,金融検査マニュアル
3430,金融工学
3431,金融債
3432,金融先物取引
3433,金融先物取引業者
3434,金融収支
3435,金融商品仲介業
3436,金融商品取引業
3437,金融商品取引業者
3438,金融商品取引所
3439,金融商品取引法
3440,金融所得一体課税
3441,金融審議会
3442,金融政策
3443,金融政策決定会合
3444,金融庁
3445,金融調節
3446,金融取
3447,金融の自由化
3448,金融派生商品
3449,金融引き締め
3450,金融ビッグバン
3451,金融持ち株会社
3452,金融リテラシー
3453,金利自由化
3454,議決権
3455,議決権行使助言会社
3456,ＧＩＣＳ
3457,ＧＡＡＰ
3458,業況判断ＤＩ
3459,業務改善命令
3460,業務隔壁
3461,業務停止命令
3462,銀行券ルール
3463,銀行等保有株式取得機構
3464,銀行法24条
3465,ＱＵＩＣＫコンセンサス
3466,クオンツ
3467,クラウディングアウト
3468,クラウドファンディング
3469,クラウンジュエル
3470,クリアストリーム
3471,クリアリング機構
3472,繰越欠損金
3473,繰延資産
3474,繰延税金資産
3475,繰延税金負債
3476,クレジットデリバティブ
3477,クレジットリスク
3478,クレジット・ウォッチ
3479,クレジット・デフォルト・スワップ
3480,クレジット・モニター
3481,クロスボーダー担保取り決め
3482,クロスボーダー取引
3483,クーリングオフ
3484,グリーンファイナンス
3485,グリーンメーラー
3486,グリーンメール
3487,グレグジット
3488,グロース市場
3489,グローバルなシステム上重要な金融機関
3490,グローバルなシステム上重要な銀行
3491,グローバルなシステム上重要な保険会社
3492,グローバル・オファリング
3493,ＧＬＯＢＥＸ
3494,景気ウオッチャー指数
3495,景気ウオッチャー調査
3496,景気条項
3497,景気先行指数（米国）
3498,景気対策
3499,景気動向指数
3500,景気の山と谷
3501,経済協力開発機構
3502,経済財政諮問会議
3503,経済連携協定
3504,経済・物価情勢の展望
3505,経常収支
3506,経常利益
3507,継続企業の前提
3508,結婚・子育て資金の一括贈与非課税措置
3509,決算
3510,決算監査
3511,決算期間
3512,決算短信
3513,決算日
3514,ケネディ・ショック
3515,建設国債
3516,建設支出（米国）
3517,ＫＯＦスイス先行指数
3518,ＫＣＢＴ
3519,ＣＡＰＥ
3520,月例経済報告
3521,減益
3522,原価会計
3523,原価主義会計
3524,減価償却
3525,減額修正
3526,現金収支
3527,現在価値
3528,原材料価格指数（カナダ）
3529,減資
3530,減収
3531,源泉徴収
3532,源泉徴収制度
3533,源泉分離課税
3534,減損損失
3535,現代貨幣理論
3536,現代金融理論
3537,減配
3538,コアコアＣＰＩ
3539,コアコア（物価）指数
3540,コア（物価）指数
3541,公開買い付け制度
3542,公開買い付け説明書
3543,公開買い付け代理人
3544,公開会社
3545,公開基準
3546,公開市場操作
3547,公共部門ネット負債
3548,鉱工業指数
3549,鉱工業生産指数
3550,鉱工業製品価格（カナダ）
3551,公示地価
3552,控除対象配偶者
3553,厚生年金
3554,厚生年金基金
3555,公租公課
3556,公定歩合
3557,公的資金
3558,公的年金控除
3559,行動ファイナンス
3560,行動ファイナンス理論
3561,購買担当者景気指数
3562,購買力平価
3563,小売売上高
3564,効率的市場仮説
3565,小売物価指数（英国）
3566,子株
3567,子会社
3568,国外財産調書
3569,国外送金等調書
3570,国際会計基準審議会
3571,国際開発協会
3572,国際金融協会
3573,国際金融公社
3574,国際決済銀行
3575,国際財務報告基準
3576,国際収支
3577,国際収支マニュアル
3578,国際商業会議所
3579,国際スワップ・デリバティブ協会
3580,国際仲裁裁判所
3581,国際通貨基金
3582,国際投資紛争解決センター
3583,国債費
3584,国際復興開発銀行
3585,国際分散投資
3586,国内総所得
3587,国内総生産
3588,国内のシステム上重要な銀行
3589,国民所得の三面等価
3590,国民総支出
3591,国民総所得
3592,国民年金
3593,国民年金基金
3594,国民年金基金連合会
3595,国民負担率
3596,個人株主
3597,個人型確定拠出年金
3598,個人型ＤＣ
3599,個人型401ｋ
3600,個人支出（米国）
3601,個人消費支出
3602,個人消費（米国）
3603,個人所得（米国）
3604,個人番号カード
3605,個人向け国債
3606,コストプッシュインフレ
3607,国家戦略特別区域
3608,国家戦略特区
3609,国庫金納付
3610,国庫短期証券
3611,固定資産
3612,固定相場制
3613,固定費
3614,固定負債
3615,コマーシャルペーパー
3616,ＣＯＭＥＸ
3617,コモディティスワップ
3618,コモディティー投資
3619,雇用者数（オーストラリア）
3620,雇用者数（カナダ）
3621,雇用者報酬
3622,雇用統計（米国）
3623,コロケーション
3624,コンコルド効果
3625,コンドラチェフ波動
3626,コンプライアンス
3627,コンポジット・インデックス
3628,コーポレートアクション
3629,コーポレートガバナンス
3630,コーポレートガバナンス報告書
3631,コーポレートガバナンス・コード
3632,コール市場
3633,合成の誤謬
3634,合同運用
3635,5％ルール
3636,５％ルール（独占禁止法）
3637,ゴルディロックス相場
3638,ゴーイング・コンサーン
3639,ゴールデンパラシュート
3640,債券
3641,債権放棄
3642,最高経営責任者
3643,最高財務責任者
3644,最高執行責任者
3645,最高情報責任者
3646,最終利益
3647,歳出
3648,最低賃金
3649,歳入
3650,債務株式化
3651,債務超過
3652,債務の株式化
3653,債務不履行
3654,債務不履行リスク
3655,ＳＩＭＥＸ
3656,最優遇貸出金利
3657,差額決済
3658,先入先出法
3659,差金決済取引
3660,サスティナブル成長率
3661,札幌証券取引所
3662,サブプライムローン
3663,三角合併
3664,産業連関表
3665,サンクコスト
3666,サンセット条項
3667,三面等価の原則
3668,産油国会合
3669,ＳＵＮＲＩＳＥ
3670,在庫指数
3671,在庫調整
3672,財政研究会
3673,財政政策
3674,財政投融資
3675,財政投融資特別会計国債
3676,財政の崖
3677,財政ファイナンス
3678,財投機関債
3679,財投債
3680,財務キャッシュフロー
3681,財務省
3682,財務諸表
3683,財務上の特約
3684,財務代理人
3685,財務テクノロジー
3686,財務リスク
3687,残余財産分配請求権
3688,シェアリングエコノミー
3689,シカゴ購買部協会景気指数
3690,シカゴ商品取引所
3691,シカゴ・マーカンタイル取引所
3692,資金供給量
3693,資金循環統計
3694,資金洗浄
3695,仕組債
3696,シクリカル
3697,資源国
3698,資産担保証券
3699,資産・負債の総合管理
3700,市場型間接金融
3701,市場の失敗
3702,システミックリスク
3703,自然失業率
3704,シ団
3705,執行役
3706,失業者数（ドイツ）
3707,失業率
3708,失業率（オーストラリア）
3709,失業率（カナダ）
3710,失業率（ドイツ）
3711,質への逃避
3712,仕手
3713,シティ世界国債インデックス
3714,指定金外信託
3715,仕手株
3716,仕手筋
3717,シナジー効果
3718,シニア債
3719,支配株主
3720,支配証券
3721,支払調書
3722,支払手形
3723,四半期決算
3724,四半期配当
3725,四半期別ＧＤＰ速報
3726,資本規制
3727,資本金
3728,資本コスト
3729,資本市場
3730,資本準備金
3731,資本注入
3732,シムズ理論
3733,指名委員会等設置会社
3734,ＳＨＩＢＯＲ
3735,社会的責任投資
3736,社会保障審議会企業年金部会
3737,社債担保証券
3738,シャドーバンキング
3739,上海Ａ株指数
3740,上海証券取引所
3741,上海総合指数
3742,上海Ｂ株指数
3743,収益性
3744,修正国際基準
3745,集団的エンゲージメント
3746,集団投資スキーム
3747,取得原価主義
3748,取得原価主義会計
3749,主要株主
3750,種類株式
3751,少額投資非課税制度
3752,商業銀行
3753,証券アナリスト
3754,証券化
3755,証券監督者国際機構
3756,証券会社
3757,証券金融会社
3758,証券業
3759,証券コード協議会
3760,証券市場
3761,証券仲介業
3762,証券取引所
3763,証券取引責任準備金
3764,証券取引等監視委員会
3765,証券取引法
3766,証券保管振替機構
3767,商工中金
3768,少数株主
3769,少数株主権
3770,少数株主持分
3771,消費活動指数
3772,消費者信頼感指数
3773,消費者信頼感指数（米国）
3774,消費者態度指数
3775,消費者物価基準改定
3776,消費者物価指数
3777,消費動向指数
3778,商品ファンド
3779,将来推計人口
3780,所得控除
3781,所得税
3782,所得の種類
3783,白色申告
3784,新株
3785,新株発行
3786,新株引受権
3787,新株引受権付社債
3788,新株予約権
3789,新株予約権証券
3790,新株予約権付社債
3791,シンガポール国際金融取引所
3792,シンガポール取引所
3793,新規暗号資産公開
3794,新規求人倍率
3795,新規公開
3796,新規失業保険申請件数（米国）
3797,新興国通貨
3798,新興市場
3799,新興成長市場
3800,申告分離課税
3801,新証券コード
3802,シンジケートカバー取引
3803,シンジケート団
3804,シンジケート・ローン
3805,深センＢ株
3806,信託協会
3807,信託契約
3808,信託財産
3809,信託受益権
3810,新築住宅販売件数（米国）
3811,新長期プライムレート
3812,進捗（しんちょく）率
3813,新発債
3814,信用危機
3815,信用収縮
3816,信用乗数
3817,信用補完
3818,信用リスク
3819,ＣＩ
3820,ＣＩＯ
3821,ＣＲＳ
3822,ＣＲＢ指数
3823,ＣＥＯ
3824,ＣＳＲ
3825,ＣＳＡ
3826,Ｃ／Ｆ
3827,ＣＦＯ
3828,ＣＦＤ
3829,ＣＭＥ
3830,ＣＭＥグループ
3831,ＣＬＯ
3832,ＣＯＯ
3833,ＣＣＩ
3834,Ｃ重油
3835,ＣＧコード
3836,ＣＧ報告書
3837,ＣＴＩ
3838,ＣＤ
3839,ＣＤＳ
3840,ＣＢＯ
3841,CBDC
3842,ＣＢＯＴ
3843,ＣＰ
3844,ＣＰＩ
3845,Ｊカーブ効果
3846,ＪＰモルガンＧＢＩ‐ＥＭグローバル・ダイバーシファイド
3847,ＪＳＣＣ
3848,ＪＤＲ
3849,ＪＰＸ
3850,ＪＰＸ日経400
3851,ＪＭＩＳ
3852,自益権
3853,時価会計
3854,時価主義会計
3855,時価総額
3856,時価発行
3857,時価発行新株予約権信託
3858,時価発行増資
3859,時価評価額
3860,時間軸政策
3861,事業再生ＡＤＲ
3862,事業報告書
3863,事業持ち株会社
3864,事業リスク
3865,自己株
3866,自己株式の処分
3867,自己資本
3868,自己資本比率
3869,自己資本利益率
3870,自社株
3871,自社株買い
3872,自社株消却
3873,自主廃業
3874,自信過剰バイアス
3875,実効為替レート
3876,実効税率
3877,実質可処分所得
3878,実質金利
3879,実質ＧＤＰ
3880,実質賃金
3881,実物経済
3882,自動移管
3883,ジニ係数
3884,ジニーメイ
3885,地場証券
3886,ジャカルタ総合指数
3887,ジャクソンホール会議
3888,従業員持ち株制度
3889,従属人口指数
3890,住宅建築許可件数
3891,住宅市場指数
3892,住宅着工件数
3893,住宅着工統計
3894,住宅着工・着工許可件数（米国）
3895,住民税
3896,重要業績評価指標
3897,重要事実
3898,受益権
3899,受益証券発行信託
3900,需給ギャップ
3901,授権株式
3902,授権資本
3903,受託銀行
3904,受託者
3905,受託者責任
3906,ジュニア債
3907,ジュニアＮＩＳＡ
3908,準大手証券
3909,純現金収支
3910,純資産
3911,純粋持ち株会社
3912,準通貨
3913,準備預金制度
3914,純利益
3915,自由金利
3916,譲渡制限株式
3917,譲渡性預金
3918,譲渡損益
3919,情報隔壁
3920,情報銀行
3921,上方修正
3922,情報の非対称性
3923,剰余金
3924,除権決定
3925,除数
3926,人口オーナス
3927,人口ボーナス
3928,人事院勧告
3929,Ｇ8
3930,ＧＳＥ
3931,ＧＮＩ
3932,ＧＮＰ
3933,Ｇ7
3934,ＧＤＩ
3935,ＧＤＲ
3936,ＧＤＥ
3937,ＧＤＰ
3938,ＧＤＰギャップ
3939,ＧＤＰ成長率
3940,ＧＤＰデフレーター
3941,ＧＤＰ統計（米国）
3942,Ｇ20
3943,ＧＰＩＦ
3944,Ｇ－ＳＩＦＩｓ
3945,Ｇ－ＳＩＢｓ
3946,Ｇ－ＳＩＩｓ
3947,スイス取引所
3948,睡眠預金
3949,スウェットエクイティ
3950,スキュー指数
3951,スタグフレーション
3952,スタンダード市場
3953,スタンダード・アンド・プアーズ500種指数
3954,スチュワードシップ・コード
3955,ステークホルダー
3956,ストックオプション
3957,ストラクチャード・インベストメント・ビークル
3958,ストラテジスト
3959,ストレステスト
3960,スピンアウト
3961,スピンオフ
3962,スピンオフ税制
3963,スマイルカーブ
3964,スラック
3965,政策委員会
3966,政策金利
3967,政策保有株
3968,清算機関
3969,生産者物価指数
3970,製造業新規受注
3971,製造業生産高
3972,政府関係機関債
3973,政府経済見通し
3974,政府系ファンド
3975,政府短期証券
3976,政府調達
3977,政府保証外債
3978,政府保証債
3979,世界銀行
3980,世界貿易機関
3981,セカンダリー・マーケット
3982,セキュリタイゼーション
3983,石油輸出国機構
3984,世代会計
3985,設備稼働率
3986,設備投資
3987,セリング
3988,先行指数
3989,潜在株式
3990,潜在ＧＤＰ
3991,潜在成長率
3992,ＳＥＮＳＥＸ30指数
3993,セーフガード
3994,税引前当期利益
3995,ＺＥＷ景況感指数
3996,ＺＥＶ規制
3997,ゼロ金利（政策）
3998,ゼロクーポン債
3999,ゼロサムゲーム
4000,全国企業短期経済観測調査
4001,全産業活動指数
4002,総還元性向
4003,総合課税
4004,総合型確定拠出年金
4005,総合型ＤＣ
4006,総合型401ｋ
4007,総合取引所
4008,総資産利益率
4009,総資本回転率
4010,総損失吸収力
4011,相続税
4012,相場操縦
4013,即時グロス決済
4014,ソサエティー5.0
4015,Society5.0
4016,租税公課
4017,外枠方式
4018,ソフトダラー
4019,ソブリンウェルスファンド
4020,ソブリンリスク
4021,ソリシター
4022,ソルベンシー・マージン比率
4023,ソロスチャート
4024,損益計算書
4025,損益通算
4026,損益分岐点
4027,損益分岐点比率
4028,損失補てん
4029,ソーシャルレンディング
4030,増益
4031,増益率
4032,増額修正
4033,増資
4034,増収
4035,増配
4036,贈与税
4037,対外純資産
4038,耐久財受注（米国）
4039,対顧客市場
4040,対顧客相場
4041,貸借対照表
4042,退職慰労金
4043,退職給付債務
4044,退職金
4045,退職所得控除
4046,退職手当
4047,対米証券投資
4048,ＴＩＢＯＲ
4049,タイムリー・ディスクロージャー
4050,大量保有開示制度
4051,大量保有報告書
4052,台湾加権指数
4053,タカ派
4054,多重代表訴訟
4055,多数国間投資保証機関
4056,タックスヘイブン
4057,棚卸資産
4058,棚卸資産回転率
4059,他人資本
4060,タリフライン
4061,単一市場
4062,単位労働コスト
4063,短期金融資産
4064,短期金融市場
4065,短期国債
4066,短期プライムレート
4067,単元未満株
4068,短資会社
4069,単独介入
4070,単独株主権
4071,単利
4072,Ｔａｒｇｅｔ
4073,タームローン
4074,第1号被保険者
4075,代行協会員
4076,第3号被保険者
4077,第三者割当増資
4078,第3次産業活動指数
4079,大証
4080,大統領令
4081,第2号被保険者
4082,大納会
4083,大発会
4084,大暴落
4085,ダウ工業株30種平均
4086,ダウンサイドリスク
4087,DAO
4088,ＤＡＸ
4089,ＤＡＸ指数
4090,脱退一時金
4091,ＷＴＩ
4092,ＷＴＩ原油先物
4093,ＷＴＯ
4094,ダブルレバレッジ
4095,ダボス会議
4096,地域的な包括的経済連携
4097,地域別支出総合指数
4098,遅行指数
4099,地政学的リスク
4100,地方債
4101,地方取引所
4102,チャイナリスク
4103,チャイニーズウォール
4104,チャプターイレブン
4105,チャプター11
4106,中央銀行
4107,中間決算
4108,中間配当
4109,中期国債
4110,中古住宅販売件数（米国）
4111,中古住宅販売成約指数（米国）
4112,中小企業退職金共済
4113,中小事業主掛金納付制度
4114,中進国
4115,忠実義務
4116,中退共
4117,超過準備
4118,長期金融市場
4119,長期金利操作
4120,長期国債
4121,長期プライムレート
4122,超長期国債
4123,直接金融
4124,ツイストオペ
4125,通貨切り上げ
4126,通貨切り下げ
4127,通貨交換協定
4128,通貨残高
4129,通貨戦争
4130,通貨バスケット制
4131,つみたてＮＩＳＡ
4132,Ｔｉｅｒ２
4133,Ｔｉｅｒ１
4134,ＴＰＰ１１
4135,ＴＦＸ
4136,ＴＦＰ
4137,ＴＯＢ
4138,ＴＴＳ
4139,ＴＴＭ
4140,ＴＴＢ
4141,ＴＤｎｅｔ
4142,T-Bill
4143,ＴＢ
4144,ＴＰＰ
4145,Ｔプラス2
4146,Ｔ＋2
4147,ＴＬＡＣ
4148,定款
4149,定性評価
4150,抵当証券
4151,テイラールール
4152,定量評価
4153,適温相場
4154,適格機関投資家
4155,敵対的ＴＯＢ
4156,敵対的買収
4157,テクニカル・アナリスト
4158,手元流動性
4159,テレワーク
4160,転換社債市場
4161,天候デリバティブ
4162,店頭FX
4163,店頭市場
4164,店頭デリバティブ
4165,テンバガー
4166,展望リポート
4167,テーパリング
4168,テールリスク
4169,ディスインフレーション
4170,ディスクロージャー
4171,ディフュージョン・インデックス
4172,ＤＩ
4173,ＤＲ
4174,ＤＥＳ
4175,ＤＥレシオ
4176,ＤＳＡ
4177,ＤＳＣＲ
4178,ＤＯＥ
4179,ＤＣＦ法
4180,DeFi
4181,ディーラー
4182,ディーリング
4183,Ｄ－ＳＩＢｓ
4184,デカップリング
4185,出口戦略
4186,デジタル課税
4187,DEX
4188,デットアサンプション
4189,デットファイナンス
4190,デット・エクイティ・スワップ
4191,デノミ
4192,デノミネーション
4193,デフォルト
4194,デフォルトファンド
4195,デフォルトリスク
4196,デフレ
4197,デフレギャップ
4198,デフレスパイラル
4199,デフレマインド
4200,デフレーション
4201,デューデリジェンス
4202,デリバティブ
4203,電子記録移転権利
4204,電子記録移転有価証券表示権利等
4205,電子記録債権
4206,電子タグ
4207,電信売相場
4208,電信買相場
4209,投下資本利益率
4210,当期純利益
4211,TOKYO AIM
4212,東京金融取引所
4213,東京銀行間取引金利
4214,東京証券取引所
4215,東京商品取引所
4216,TOKYO PRO-BOND Market
4217,TOKYO PRO Market
4218,統合報告書
4219,当座資産
4220,当座比率
4221,投資一任契約
4222,投資キャッシュフロー
4223,投資教育
4224,投資顧問業
4225,投資財
4226,投資者保護基金
4227,投資証券
4228,投資信託
4229,投資信託委託会社
4230,投資信託協会
4231,投資信託販売会社
4232,投資信託法
4233,投資事業有限責任組合
4234,投資その他の資産
4235,投資ファンド
4236,投資有価証券
4237,東証
4238,東証株価指数
4239,東証2部株価指数
4240,東証ＲＥＩＴ指数
4241,投資利益率
4242,投信
4243,投信委託会社
4244,東南アジア諸国連合
4245,登録金融機関
4246,登録債
4247,登録投資顧問業者
4248,特定空家
4249,特定金銭信託
4250,特定口座
4251,特別会計
4252,特別決議
4253,特別債
4254,特別支配株主
4255,特別損失
4256,特別配当
4257,特別引き出し権
4258,特別法人税
4259,特別マル優
4260,特別目的会社
4261,特別利益
4262,特法税
4263,特例公債法案
4264,特例国債
4265,ＴＯＣＯＭ
4266,特金
4267,トップライン
4268,ＴＯＰＩＸ
4269,ＴＯＰＩＸ1000
4270,トラッキングストック
4271,トランシェ
4272,トランプノミクス
4273,トリガー条項
4274,トリクルダウン理論
4275,取引証拠金
4276,取引所外取引
4277,取引報告書
4278,トリプルウィッチング
4279,トリプル安
4280,Treasury bonds
4281,トレジャリー・ゼロ
4282,トークン化有価証券
4283,トービン税
4284,ドイツ株価指数
4285,同一運用
4286,同一労働同一賃金
4287,動産担保融資
4288,独占禁止法
4289,独立企業間価格
4290,ドバイ原油
4291,ドルペッグ
4292,ドル本位制
4293,ドル・コスト平均法
4294,ドローダウン
4295,内在価値
4296,内部金融
4297,内部者
4298,内部者登録制度
4299,内部者取引
4300,内部成長率
4301,内部留保
4302,ＮＹＭＥＸ
4303,仲値
4304,名古屋証券取引所
4305,ＮＡＳＤＡＱ
4306,ナスダック
4307,ナスダック総合指数
4308,ナッシュ均衡
4309,７２の法則
4310,日銀
4311,日銀審議委員
4312,日銀剰余金
4313,日銀政策委員会
4314,日銀総裁
4315,日銀短観
4316,日銀当預
4317,日銀ネット
4318,日経株価指数300
4319,日経商品指数
4320,日経ジャスダック平均株価
4321,日経総合株価指数
4322,日経通貨インデックス
4323,日経225　Ｗｅｅｋｌｙオプション
4324,日経配当指数
4325,日経平均株価
4326,日経平均ボラティリティー・インデックス
4327,日本銀行
4328,日本銀行政策委員会
4329,日本取引所グループ
4330,日本年金機構
4331,日本仮想通貨ビジネス協会
4332,日本型金融排除
4333,日本型預託証券
4334,日本銀行当座預金
4335,日本証券アナリスト協会
4336,日本証券業協会
4337,日本証券クリアリング機構
4338,日本政策金融公庫
4339,日本版ビッグバン
4340,ニューエコノミー
4341,ＮＹオプションカット
4342,ニューヨーク商業取引所
4343,ニューヨーク証券取引所
4344,ニューヨーク商品取引所
4345,ニューヨーク連銀製造業景気指数
4346,ニューヨーク・マーカンタイル取引所
4347,任意準備金
4348,任意積立金
4349,ＮＩＳＡ
4350,ヌーボー・マルシェ
4351,ネクスト市場
4352,ネッティング
4353,ネットキャッシュ
4354,ネット証券
4355,ネット取引
4356,ネットバブル
4357,年金
4358,年金積立金管理運用独立行政法人
4359,年末調整
4360,ネーションワイド住宅価格
4361,ノイア・マルクト
4362,ＮＯＭＵＲＡ－ＢＰＩ総合指数
4363,のれん代
4364,灰色のサイ
4365,配偶者控除
4366,配偶者特別控除
4367,配当
4368,配当課税
4369,配当可能限度額
4370,配当可能利益
4371,配当控除
4372,配当所得
4373,ハイブリッド証券
4374,ＨＩＢＯＲ
4375,発行価額
4376,発行市場
4377,発行登録制度
4378,ハト派
4379,ハリファックス住宅価格
4380,販管費
4381,半期報告書
4382,ハンセン株価指数
4383,販売会社
4384,販売費及び一般管理費
4385,ハーディング現象
4386,ハードランディング
4387,ハーミーズ
4388,バイアウトファンド
4389,媒介
4390,買収
4391,買収防衛策
4392,売買一任勘定
4393,バスケット通貨
4394,バフェット指標
4395,バブル経済
4396,バランスシート
4397,バリュエーション
4398,ＶａＲ
4399,ＶａＲショック
4400,バルチック海運指数
4401,バンクローン
4402,バーゼル銀行監督委員会
4403,バーゼル合意
4404,バーゼルIII（バーゼル３）
4405,バーゼルII（バーゼル２）
4406,バーゼルI（バーゼル１）
4407,バーベル戦略
4408,ＰＩＰＥｓ
4409,パックマン・ディフェンス
4410,パテント・トロール
4411,パリクラブ
4412,パレート最適
4413,引き受け
4414,引受価額
4415,引受シ団
4416,引受シンジケート団
4417,非公開会社
4418,悲惨指数
4419,非政府保証債
4420,非ゼロサムゲーム
4421,筆頭株主
4422,非農業部門雇用者数
4423,非不胎化介入
4424,秘密鍵
4425,ヒューリスティック
4426,表面税率
4427,非連結子会社
4428,貧困率
4429,美人投票
4430,ＢＩＳ
4431,ＢＩＳ規制
4432,ＶＩＳＴＡ
4433,ＶＩＸ指数
4434,ビッグマック指数
4435,ビットコイン
4436,Ｂ／Ｓ
4437,ＢＤＩ
4438,ＢＢＳＷ
4439,ＢＢレシオ
4440,Ｐ２Ｐレンディング
4441,ＰＳＩ20指数
4442,ＰＭＩ
4443,Ｐ／Ｌ
4444,ピークアウト
4445,ＰＣＥデフレーター
4446,ＰＰＩ
4447,ＦＡＡＡ
4448,ファイアーウォール
4449,ファイナンシャル・プランナー
4450,ファイナンス
4451,５Ｇ
4452,ＦＡＴＣＡ
4453,ＦＡＴＦ
4454,ファニーメイ
4455,ＦＡＮＧ
4456,ファンダメンタルズ
4457,ファンダメンタルズ分析
4458,ファントラ
4459,ファンドトラスト
4460,ファンドマネジャー
4461,フィッシャー方程式
4462,フィデューシャリー・デューティー
4463,フィナンシャル・タイムズ
4464,フィラデルフィア連銀製造業景況指数
4465,フィリップス曲線
4466,フィンテック
4467,フィンテック協会
4468,ＦＩＮＲＡ
4469,フェア・ディスクロージャー・ルール
4470,Ｆｅｄ
4471,フォワードガイダンス
4472,フォーミュラ・プラン
4473,Form 10-k
4474,福岡証券取引所
4475,復配
4476,複利
4477,負債コスト
4478,負債比率
4479,不胎化介入
4480,双子の赤字
4481,復興債
4482,復興特別税
4483,普通株式
4484,普通決議
4485,普通国債
4486,普通社債
4487,普通配当
4488,不動産担保証券
4489,負の所得税
4490,フラジャイル5
4491,フラッシュクラッシュ
4492,フラッシュメモリー
4493,振替口座簿
4494,振替債
4495,不良債権
4496,フリーキャッシュフロー
4497,ふるさと納税
4498,フレディマック
4499,フロート制
4500,粉飾決算
4501,物価スライド
4502,物価連動債
4503,ブックランナー
4504,ブッシェル
4505,物的証券
4506,物品税
4507,物上担保付社債
4508,ブラックスワン理論
4509,ブラックマンデー
4510,ＢＲＩＣｓ
4511,ＢＲＩＣＳ開発銀行
4512,ブルーチップ
4513,ブレグジット
4514,Ｂｒｅｘｉｔ
4515,ブレット
4516,ブレークイーブンインフレ率
4517,ブロックチェーン
4518,ブローカー
4519,ブローカー業務
4520,ブローキング
4521,分断勤務制度
4522,分別管理
4523,分離課税
4524,プライマリーバランス
4525,プライマリー・マーケット
4526,プライム市場
4527,プライムレート
4528,プラザ合意
4529,プロキシーファイト
4530,プログラム売買
4531,プロスペクト理論
4532,プロフィットファクター
4533,プロ向けファンド
4534,平均余命
4535,平成景気
4536,ヘッジ
4537,ヘッジ売り
4538,ヘッジ取引
4539,ヘッジファンド
4540,ヘリコプターマネー
4541,変動相場制
4542,変動費
4543,ヘンリーハブ
4544,米国預託証券
4545,米州開発銀行
4546,米証券取引委員会
4547,米通商代表部
4548,米連邦破産法11条
4549,ベンチャー企業
4550,ベンチャー・キャピタル
4551,ベージュブック
4552,ペイオフ
4553,ペッグ制
4554,包括金融緩和
4555,報酬委員会
4556,法人企業景気予測調査
4557,法人企業統計
4558,法人事業税
4559,法人住民税
4560,法人税
4561,法定準備金
4562,保管振替制度
4563,北海ブレント
4564,骨太の方針
4565,ほふり
4566,ホワイトカラー・エグゼンプション
4567,ホワイトナイト（白馬の騎士）
4568,本決算
4569,香港Ｈ株
4570,貿易収支
4571,貿易統計
4572,簿価
4573,墓石広告
4574,ボトムライン
4575,ボベスパ指数
4576,ボラタイル
4577,ボルカールール
4578,ポイズンピル
4579,ポテンシャルＧＤＰ
4580,ポートフォリオ
4581,ポートフォリオ運用
4582,ポートフォリオマネージャー
4583,ポートフォリオ理論
4584,マイクロクレジット
4585,マイナス金利（政策）
4586,マイナス成長
4587,マイナンバー
4588,マイニング
4589,マクロ経済スライド
4590,マクロ分析
4591,マクロプルーデンス
4592,マスタートラスト
4593,マッチング拠出
4594,マッチング理論
4595,マネタイゼーション
4596,マネタリーベース
4597,マネーサプライ
4598,マネーストック
4599,マネーフロー
4600,マネーマーケット
4601,マネーミュール
4602,マネーロンダリング
4603,幻のSQ
4604,真水
4605,マルチシグ
4606,マル優
4607,マンデート
4608,ＭＡＮＴ
4609,マークアッププライシング
4610,マーケットポートフォリオ
4611,マーケット・ニュートラル運用
4612,未公開株
4613,未済
4614,ミセス・ワタナベ
4615,みなし課税
4616,みなし額面
4617,みなし取得費
4618,みなし配当
4619,ＭｉＦＩＤ
4620,ＭｉＦＩＤ２
4621,ミューチュアルファンド
4622,民事再生法
4623,無額面株式
4624,無形固定資産
4625,無償増資
4626,無担保コール市場
4627,無担保コール翌日物
4628,無担保社債
4629,無配
4630,銘柄コード
4631,名義書き換え
4632,名義貸し
4633,名目金利
4634,名目ＧＤＰ
4635,メキシコボルサ指数
4636,メザニン債
4637,メザニンファイナンス
4638,メンタルアカウンティング
4639,モザイク情報
4640,持ち合い解消
4641,持ち合い株
4642,持ち株会社
4643,持株会社
4644,持分法適用会社
4645,モノのインターネット
4646,モノライン保険会社
4647,モメンタム
4648,モーゲージ証券
4649,役職定年制
4650,有価証券
4651,有価証券届出書
4652,有価証券含み損益
4653,有価証券報告書
4654,有形固定資産
4655,有効求人倍率
4656,有償増資
4657,有事のドル買い
4658,優先株
4659,優先出資証券
4660,優先劣後構造
4661,郵貯預入限度額
4662,有利子負債
4663,輸入物価指数（米国）
4664,ＵＳＴＲ
4665,ＵＡＷ
4666,ユーザンス金利
4667,ユーロ
4668,ユーロ円債
4669,ユーロクリア
4670,ユーロ圏業況判断指数
4671,ユーロネクスト
4672,ユーロ・ストックス５０
4673,預金準備率
4674,預金準備率操作
4675,預金保険機構
4676,預金保険制度
4677,預金保険料
4678,与信
4679,預貸率
4680,預託証券
4681,ライトコイン
4682,ライフプラン
4683,ライフプランニング
4684,ＬＩＢＯＲ
4685,ラスパイレス指数
4686,ラッセル2000
4687,ラップ口座
4688,ランダム・ウォーク
4689,リアルマネー
4690,利益準備金
4691,利益剰余金
4692,利益相反
4693,利益配当請求権
4694,李克強指数
4695,リコノミクス
4696,利下げ
4697,理財商品
4698,利ざや
4699,利潤証券
4700,リスク
4701,リスクオフ
4702,リスクオン
4703,リスク回避
4704,リスクキャピタル
4705,リスク許容度
4706,リスク志向
4707,リスク選好
4708,リスクの種類
4709,リスクプレミアム
4710,リスクマネー
4711,リセッション
4712,利付債
4713,リテール業務
4714,リバランス
4715,リバーサル・レート
4716,リバースモーゲージ
4717,リパッケージ債
4718,リパトリエーション
4719,リビジョン・インデックス
4720,リファレンス・バンク
4721,リフレ政策
4722,リフレ派
4723,リフレーション
4724,リボルビング
4725,利回り
4726,流通市場
4727,流動資産
4728,流動性
4729,流動性カバレッジ比率
4730,流動性の罠
4731,流動性リスク
4732,流動比率
4733,流動負債
4734,量的緩和
4735,量的緩和策
4736,量的・質的金融緩和
4737,リレーションシップバンキング
4738,臨時報告書
4739,リーグテーブル
4740,ＲＥＩＴ
4741,リーマン・ショック
4742,るいとう
4743,ＲｅｇＴｅｃｈ
4744,レコードキーパー
4745,レッドチップ指数
4746,劣後株式
4747,劣後債
4748,劣後ローン
4749,レベニューシェア
4750,レモン市場
4751,連結決算
4752,連結子会社
4753,連結財務諸表
4754,連単倍率
4755,連邦公開市場委員会
4756,連邦準備制度理事会
4757,レーティング・モニター
4758,ロイターズ／ジェフリーズＣＲＢ指数
4759,労働生産性
4760,労働分配率
4761,老齢給付金
4762,路線価
4763,ロンドン金属取引所
4764,ロンドン銀行間取引金利
4765,ロンドン証券取引所
4766,ロンドンフィキシング
4767,ロールオーバー
4768,ローン債権
4769,ローン担保証券
4770,ＷＡＣＣ
4771,ワラント
4772,割引国債
4773,割引債
4774,割引短期国債
4775,ＩＦＡ
4776,アセットクラス
4777,アンダーライター
4778,アンダーライティング
4779,ＥＳＯＰ
4780,一時金付終身年金
4781,一時払い
4782,一時払い終身保険
4783,一般勘定
4784,ｉＤｅＣｏ
4785,イデコ
4786,ｉＤｅＣｏ＋
4787,医療保険
4788,運営管理機関
4789,運管
4790,運用関係費用
4791,運用指図
4792,Ｓ＆Ｐ新興国ＲＥＩＴ指数
4793,Ｓ＆Ｐ先進国ＲＥＩＴ指数
4794,ＦＴＳＥ世界国債インデックス
4795,ＭＳＣＩエマージング・マーケット・インデックス
4796,ＭＳＣＩ－ＫＯＫＵＳＡＩ指数
4797,ＭＳＣＩ指数
4798,エリサ法
4799,オルタナティブ投資
4800,解約
4801,解約控除額
4802,確定給付企業年金
4803,確定拠出年金
4804,確定年金
4805,加入者拠出
4806,学資保険
4807,がん保険
4808,元本確保型商品
4809,企業型確定拠出年金
4810,企業型ＤＣ
4811,企業型401ｋ
4812,企業年金連合会
4813,基礎年金
4814,基本年金
4815,基本保険金額
4816,給付金
4817,共済年金
4818,拠出限度額
4819,記録関連運営管理機関
4820,逆ザヤ
4821,クーリングオフ
4822,契約応当日
4823,契約者
4824,契約年齢
4825,契約日
4826,後継年金受取人
4827,後継年金受取人指定特約
4828,厚生年金
4829,厚生年金基金
4830,公的年金控除
4831,告知義務
4832,告知書
4833,国民年金
4834,国民年金基金
4835,国民年金基金連合会
4836,個人型確定拠出年金
4837,個人型ＤＣ
4838,個人型401ｋ
4839,個人年金保険
4840,国庫金納付
4841,災害死亡給付金
4842,財政方式
4843,シティ世界国債インデックス
4844,死亡保険金
4845,死亡保険金受取人
4846,社会保険方式
4847,社会保険労務士
4848,社会保障審議会企業年金部会
4849,終身年金
4850,終身保険
4851,終身保障移行特約
4852,主契約
4853,将来推計人口
4854,初期費用
4855,ＣＩＯ
4856,ＪＰモルガンＧＢＩ‐ＥＭグローバル・ダイバーシファイド
4857,自動移管
4858,順ザヤ
4859,ＧＰＩＦ
4860,スイッチング
4861,ステップアップ死亡保障
4862,ステップアップ年金
4863,責任開始期
4864,責任準備金
4865,総合型確定拠出年金
4866,総合型ＤＣ
4867,総合型401ｋ
4868,ソルベンシー・マージン比率
4869,退職慰労金
4870,退職給付債務
4871,退職給付信託
4872,退職金
4873,退職手当
4874,ターゲットイヤー型
4875,第1号被保険者
4876,第3号被保険者
4877,第2号被保険者
4878,脱退一時金
4879,中小企業退職金共済
4880,中小事業主掛金納付制度
4881,中退共
4882,積立金移転手数料
4883,積立方式
4884,定額年金保険
4885,定額保険
4886,ディスカウントレート
4887,ＤＣ
4888,デフォルトファンド
4889,投資型年金保険
4890,投資教育
4891,東証ＲＥＩＴ指数
4892,特別勘定
4893,特別法人税
4894,特法税
4895,特約
4896,日本年金機構
4897,日本版401ｋ
4898,年金
4899,年金受取開始日
4900,年金受取人
4901,年金管理費
4902,年金原資
4903,年金支払開始日
4904,年金支払特約
4905,年金支払日
4906,年金受給権の評価
4907,年金総額保証付き終身年金
4908,年金積立金管理運用独立行政法人
4909,ＮＯＭＵＲＡ－ＢＰＩ総合指数
4910,配当期待権
4911,配当金
4912,払戻金
4913,パフォーマンス評価
4914,被保険者
4915,標準利率
4916,賦課方式
4917,プルーデントマンルール
4918,平均余命
4919,変額保険
4920,返戻金
4921,保険関係費用
4922,保険期間
4923,保険金
4924,保険金受取人
4925,保険金の非課税枠（相続税法第12条）
4926,保険証券
4927,保険事故
4928,保険年度
4929,保険料
4930,保険料贈与プラン
4931,保証期間付終身年金
4932,保証金額付終身年金
4933,保証金額付特別勘定終身年金
4934,ポータビリティー
4935,マクロ経済スライド
4936,マッチング拠出
4937,満期
4938,満期保険金
4939,モノライン保険会社
4940,猶予期間
4941,ユニット数
4942,ユニットプライス
4943,養老保険
4944,予定死亡率
4945,予定事業費率
4946,予定利率
4947,401ｋ
4948,401ｋ対象ファンド
4949,ライフサイクルファンド
4950,ライフスタイルファンド
4951,ラチェット死亡保障
4952,リレープラン
4953,レコードキーパー
4954,老齢給付金
4955,割引率
4956,ＩＦＡ
4957,遺産
4958,遺産分割
4959,遺産分割協議
4960,遺産分割協議書
4961,遺贈
4962,遺贈義務者
4963,一次相続
4964,一般隔絶地遺言
4965,一般危急時遺言
4966,遺留分
4967,遺留分減殺請求
4968,遺留分侵害額請求
4969,遺留分放棄
4970,姻族
4971,延滞税
4972,エンディングノート
4973,延納
4974,隔絶地遺言
4975,形見分け
4976,換価分割
4977,危急時遺言
4978,基準地価
4979,危難失踪
4980,共有分割
4981,寄与分
4982,血族
4983,検認
4984,限定承認
4985,限定相続
4986,現物分割
4987,公証人
4988,公証人役場
4989,公証役場
4990,公示地価
4991,公正証書
4992,公正証書遺言
4993,戸籍
4994,戸籍抄本
4995,戸籍謄本
4996,祭祀財産
4997,債務控除
4998,在船者遺言
4999,死因贈与
5000,失踪宣告
5001,指定相続分
5002,指定分割
5003,死亡退職金
5004,死亡保険金受取人
5005,終活
5006,小規模宅地等の特例
5007,真正相続人
5008,親族
5009,審判
5010,自筆証書遺言
5011,自筆証書遺言の保管制度
5012,受遺者
5013,熟慮期間
5014,受贈者
5015,準確定申告
5016,推定相続人
5017,生前贈与
5018,成年後見人制度
5019,船舶隔絶地遺言
5020,船舶遭難者遺言
5021,相続
5022,相続回復請求権
5023,相続欠格
5024,相続時精算課税
5025,相続税
5026,相続税の基礎控除
5027,相続税の障害者控除
5028,相続人
5029,相続放棄
5030,尊属
5031,相続税の未成年者控除
5032,贈与
5033,贈与税
5034,贈与税の基礎控除
5035,贈与税の配偶者控除
5036,単純承認
5037,単純相続
5038,代襲者
5039,代襲相続
5040,代襲相続人
5041,代償分割
5042,嫡出子
5043,調停
5044,直系
5045,定期贈与
5046,伝染病隔絶地遺言
5047,伝染病隔離者遺言
5048,特定遺贈
5049,特別寄与料制度
5050,特別失踪
5051,特別受益
5052,特別方式遺言
5053,内縁
5054,難船危急時遺言
5055,二次相続
5056,認知
5057,認定死亡
5058,年金受給権の評価
5059,配偶者居住権
5060,配偶者短期居住権
5061,配偶者の税額軽減
5062,廃除
5063,被相続人
5064,卑属
5065,非嫡出子
5066,秘密証書遺言
5067,表見相続人
5068,不真正相続人
5069,負担付遺贈
5070,負担付贈与
5071,普通失踪
5072,普通方式遺言
5073,物納
5074,包括遺贈
5075,法定相続人
5076,法定相続分
5077,保険金の非課税枠（相続税法第12条）
5078,保険料贈与プラン
5079,傍系
5080,みなし相続財産
5081,遺言
5082,遺言執行者
5083,遺言書
5084,暦年課税
5085,暦年贈与
5086,連年贈与
5087,路線価
5088,Web3.0
5089,ウォレット
5090,ST（セキュリティトークン）
5091,STO（セキュリティトークン・オファリング）
5092,NFT
5093,CBDC
5094,受益証券発行信託
5095,DAO
5096,DeFi
5097,DEX
5098,電子記録移転権利
5099,電子記録移転有価証券表示権利等
5100,トークン化有価証券
5101,秘密鍵
5102,ブロックチェーン
5103,アセット・アロケーション
5104,ＳＭＡ
5105,コアサテライト運用
5106,国際分散投資
5107,投資一任契約
5108,ファンドラップ
5109,分散投資
5110,ポートフォリオ
5111,ラップ型投信
5112,ラップ口座
5113,リバランス
5114,ＩＳＩＮコード
5115,青色申告
5116,アンダーライター
5117,委託保証金維持率
5118,一般信用取引
5119,ｉＤｅＣｏ
5120,イデコ
5121,ｉＤｅＣｏ＋
5122,遺留分侵害額請求
5123,インサイダー取引
5124,ＥＣＢの資金供給枠
5125,イールドダッチ方式
5126,受渡決済
5127,受渡適格銘柄
5128,運営管理機関
5129,運管
5130,ＥＤＩＮＥＴ
5131,ＥＤＧＡＲ
5132,ＦＸ
5133,ＭＴＮ
5134,エリサ法
5135,円借款
5136,エンジェル税制
5137,ＡＥＯ制度
5138,ＡＢＬ
5139,追い証
5140,黄金株
5141,オフショア市場
5142,オプション価格
5143,オプション取引
5144,オプション料
5145,オペ
5146,オペレーション
5147,オペレーション・ツイスト
5148,オンショア市場
5149,オーバーアロットメント
5150,買い入れ償還
5151,買い入れ消却
5152,会社更生法
5153,会社分割
5154,改正金融機能強化法
5155,価格競争入札コンベンショナル方式
5156,格付け
5157,確定給付企業年金
5158,確定拠出年金
5159,確定申告
5160,カストディアン
5161,課徴金減免制度
5162,勝手格付け
5163,加入者拠出
5164,株式移転
5165,株式公開買い付け
5166,株式交換
5167,株式等振替制度
5168,株式ミニ投資
5169,株式累積投資制度
5170,兜倶楽部
5171,株主名簿
5172,株主優待制度
5173,株主割り当て
5174,カラ売り規制
5175,仮条件
5176,関税割当制度
5177,監理ポスト
5178,監理銘柄
5179,外貨準備
5180,外国為替および外国貿易法
5181,外国為替証拠金取引
5182,外国証券取引口座
5183,概算要求基準
5184,外為法
5185,危機対応融資
5186,企業型確定拠出年金
5187,企業型ＤＣ
5188,企業型401ｋ
5189,期中償還
5190,期中償還請求権付新株予約権付社債
5191,給与所得控除
5192,共済年金
5193,拠出限度額
5194,記録関連運営管理機関
5195,緊急流動性支援
5196,金融記者クラブ
5197,金融商品取引所
5198,金融審議会
5199,金融政策決定会合
5200,議決権
5201,銀行券ルール
5202,銀行法24条
5203,繰り上げ償還
5204,クリアリング機構
5205,グリーンシューオプション
5206,グリーンシート
5207,グリーンシート銘柄
5208,グロース市場
5209,グローバルなシステム上重要な金融機関
5210,グローバルなシステム上重要な銀行
5211,グローバルなシステム上重要な保険会社
5212,経済財政諮問会議
5213,権利入札
5214,源泉徴収
5215,源泉徴収制度
5216,源泉分離課税
5217,公開買い付け制度
5218,公開買い付け説明書
5219,公開買い付け代理人
5220,公開基準
5221,公開市場操作
5222,公開前規制
5223,公社債店頭売買参考統計値
5224,厚生年金
5225,公定歩合
5226,国内のシステム上重要な銀行
5227,国民年金
5228,個人型確定拠出年金
5229,個人型ＤＣ
5230,個人型401ｋ
5231,コンベンショナル方式
5232,5％ルール
5233,５％ルール（独占禁止法）
5234,債券レポ市場
5235,最低保証金維持率
5236,差金決済
5237,差換預託
5238,指し値オペ
5239,サーキットブレーカー
5240,財政研究会
5241,社会保険労務士
5242,種類株式
5243,少額投資非課税制度
5244,証券コード協議会
5245,証券取引責任準備金
5246,証券取引等監視委員会
5247,証券保管振替機構
5248,証拠金
5249,白色申告
5250,新証券コード
5251,信用取引
5252,信用取引金利
5253,信用補完
5254,信用銘柄
5255,ＣＲＳ
5256,ＪＤＲ
5257,自動移管
5258,従業員持ち株制度
5259,重要事実
5260,ジュニアＮＩＳＡ
5261,準備預金制度
5262,上場廃止基準
5263,人事院勧告
5264,Ｇ－ＳＩＦＩｓ
5265,Ｇ－ＳＩＢｓ
5266,Ｇ－ＳＩＩｓ
5267,スウェットエクイティ
5268,スタンダード市場
5269,スチュワードシップ・コード
5270,ストックオプション
5271,随時償還
5272,政策委員会
5273,清算機関
5274,制度信用銘柄
5275,整理ポスト
5276,整理銘柄
5277,ゼロ金利（政策）
5278,早期償還
5279,総合課税
5280,総合型確定拠出年金
5281,総合型ＤＣ
5282,総合型401ｋ
5283,総損失吸収力
5284,貸借取引
5285,貸借銘柄
5286,貸借銘柄指定基準
5287,退職慰労金
5288,退職金
5289,退職所得控除
5290,退職手当
5291,大量保有開示制度
5292,大量保有報告書
5293,立会外取引
5294,立会外分売
5295,短期債格付け
5296,単元株制度
5297,単元未満株
5298,代用有価証券
5299,脱退一時金
5300,着地取引
5301,注意喚起制度
5302,中小企業退職金共済
5303,中小事業主掛金納付制度
5304,抽選償還
5305,中退共
5306,長期債格付け
5307,直接預託
5308,ツイストオペ
5309,つみたてＮＩＳＡ
5310,ＴＯＢ
5311,ＴＤｎｅｔ
5312,ＴＬＡＣ
5313,定額償還
5314,定時償還
5315,適格機関投資家
5316,敵対的ＴＯＢ
5317,テクニカル上場
5318,ＤＲ
5319,ＤＣ
5320,Ｄ－ＳＩＢｓ
5321,投資者保護基金
5322,投資信託協会
5323,投資制限制度
5324,ToSTNeT取引
5325,途中償還
5326,動産担保融資
5327,内部者登録制度
5328,内部者取引
5329,日銀政策委員会
5330,日本銀行政策委員会
5331,日本型預託証券
5332,日本証券業協会
5333,日本版401ｋ
5334,任意償還
5335,ＮＩＳＡ
5336,発行登録制度
5337,売買取引停止制度
5338,バーゼル銀行監督委員会
5339,分断勤務制度
5340,プライム市場
5341,プレミアム
5342,米国預託証券
5343,保管振替制度
5344,保護預かり
5345,ほふり
5346,マイナス金利（政策）
5347,マクロ経済スライド
5348,マッチング拠出
5349,満期一括償還
5350,満期償還
5351,ミディアムタームノート
5352,みなし課税
5353,ミニ株
5354,有価証券届出書
5355,優先株
5356,優先出資証券
5357,優先劣後構造
5358,郵貯預入限度額
5359,猶予期間
5360,預金保険機構
5361,預金保険制度
5362,預金保険料
5363,預託証券
5364,401ｋ
5365,リバースモーゲージ
5366,臨時報告書
5367,類似会社比準価格算定方式
5368,レコードキーパー
5369,レポ市場
5370,老齢給付金
5371,青色申告
5372,一次相続
5373,益金不算入制度
5374,エコカー減税
5375,エンジェル税制
5376,延滞税
5377,延納
5378,オフショア市場
5379,オフショアファンド
5380,オンショア市場
5381,確定申告
5382,加入者拠出
5383,関税割当制度
5384,外貨建てＭＭＦ
5385,外国子会社合算税制
5386,元本払戻金
5387,キャピタルゲイン課税
5388,給与所得控除
5389,教育資金の一括贈与非課税措置
5390,拠出限度額
5391,緊急輸入制限
5392,金融所得一体課税
5393,繰延税金負債
5394,結婚・子育て資金の一括贈与非課税措置
5395,源泉徴収
5396,源泉徴収制度
5397,源泉分離課税
5398,控除対象配偶者
5399,公租公課
5400,公的年金控除
5401,国外財産調書
5402,国外送金等調書
5403,個人年金保険
5404,国庫金納付
5405,個別元本方式
5406,債務控除
5407,死因贈与
5408,支払調書
5409,死亡退職金
5410,死亡保険金
5411,死亡保険金受取人
5412,終身保険
5413,少額投資非課税制度
5414,小規模宅地等の特例
5415,所得控除
5416,所得税
5417,所得の種類
5418,白色申告
5419,申告分離課税
5420,ＣＲＳ
5421,実効税率
5422,住民税
5423,ジュニアＮＩＳＡ
5424,準確定申告
5425,譲渡損益
5426,スピンオフ税制
5427,生前贈与
5428,セーフガード
5429,総合課税
5430,相続時精算課税
5431,相続税
5432,相続税の基礎控除
5433,相続税の障害者控除
5434,租税公課
5435,損益通算
5436,相続税の未成年者控除
5437,贈与税
5438,贈与税の基礎控除
5439,贈与税の配偶者控除
5440,退職所得控除
5441,タックスヘイブン
5442,タリフライン
5443,中小企業退職金共済
5444,中退共
5445,つみたてＮＩＳＡ
5446,定期贈与
5447,デジタル課税
5448,特定空家
5449,特定口座
5450,特別分配金
5451,特別法人税
5452,特別マル優
5453,特法税
5454,トービン税
5455,独立企業間価格
5456,二次相続
5457,ＮＩＳＡ
5458,年金受給権の評価
5459,年末調整
5460,配偶者控除
5461,配偶者特別控除
5462,配偶者の税額軽減
5463,配当課税
5464,配当期待権
5465,配当控除
5466,配当所得
5467,表面税率
5468,ＦＡＴＣＡ
5469,負担付贈与
5470,復興特別税
5471,負の所得税
5472,ふるさと納税
5473,物品税
5474,物納
5475,分離課税
5476,平均信託金
5477,法人事業税
5478,法人住民税
5479,法人税
5480,保険金受取人
5481,保険金の非課税枠（相続税法第12条）
5482,保険料贈与プラン
5483,マイナンバー
5484,マッチング拠出
5485,マル優
5486,満期保険金
5487,みなし課税
5488,みなし配当
5489,暦年課税
5490,暦年贈与
5491,連年贈与
5492,アイランドリバーサル
5493,アウトパフォーマンス
5494,アウトパフォーム
5495,赤三兵
5496,アクティブリターン
5497,足どり
5498,アナリスト
5499,アナリストリポート
5500,α（アルファ）値
5501,アンダーパフォーマンス
5502,アンダーパフォーム
5503,ＲＳＩ
5504,ＲＯＩ
5505,ＲＯＩＣ
5506,ＲＯＥ
5507,ＲＯＡ
5508,ＲＣＩ
5509,Ｒ2
5510,一目均衡表
5511,一本線
5512,移動平均乖離率
5513,移動平均線
5514,インカムアプローチ
5515,陰線
5516,インタレストカバレッジレシオ
5517,インフォメーションリスク
5518,インフォメーション・レシオ
5519,陰陽足
5520,ＥＩＲＲ
5521,ＥＳＧ投資
5522,ＥＢＩＴＤＡ
5523,ＥＶ
5524,イールドカーブ
5525,イールドスプレッド
5526,イールドレシオ
5527,売上高成長率
5528,上影
5529,上値抵抗線
5530,上ヒゲ
5531,益利回り
5532,エコノミスト
5533,ＮＴ倍率
5534,エリオット波動理論
5535,ＬＴＶ
5536,大引足
5537,オシレーター
5538,回帰トレンド
5539,乖離率
5540,価格変動性
5541,下降トレンド
5542,加重平均
5543,加重平均資本コスト
5544,加重平均利回り
5545,株価キャッシュフロー倍率
5546,株価指標
5547,株価収益率
5548,株価純資産倍率
5549,株式益利回り
5550,株式投資収益率
5551,株式分布状況調査
5552,株主資本配当率
5553,株主資本利益率
5554,ガンマ
5555,期間騰落率
5556,季節調整値
5557,ＣＡＰＭ
5558,強弱レシオ
5559,寄与度
5560,金融経済月報
5561,逆イールド
5562,逆ウオッチ曲線
5563,空
5564,クオンツ
5565,クオンツ運用
5566,雲
5567,黒三兵
5568,グランビルの法則
5569,ケイ線
5570,決定係数
5571,下落トレンド
5572,行動ファイナンス理論
5573,ゴールデンクロス
5574,サイコロ
5575,サイコロジカルライン
5576,酒田罫（ケイ）線
5577,酒田五法
5578,先物理論価格
5579,サポートライン
5580,三角もちあい
5581,三点童子
5582,支持線
5583,下影
5584,下値支持線
5585,下値抵抗線
5586,下ヒゲ
5587,シャープ測度
5588,シャープ・レシオ
5589,週足
5590,修正ＮＡＶ
5591,証券アナリスト
5592,シラーＰＥＲ
5593,新値足
5594,新値3本足
5595,信用倍率
5596,信用評価損益率
5597,自己資本利益率
5598,実体
5599,実柱
5600,十字線
5601,順位相関指数
5602,順イールド
5603,上昇トレンド
5604,趨勢分析
5605,スティープ化
5606,ストキャスティックス
5607,ストラテジスト
5608,スローストキャスティクス
5609,セクター
5610,設定来騰落率
5611,セータ
5612,総合利回り
5613,総資産利益率
5614,相対力指数
5615,ソロスチャート
5616,損益分岐点
5617,損益分岐点比率
5618,貸借倍率
5619,単純平均株価
5620,単純平均利回り
5621,ダウ理論
5622,ＷＭＡ
5623,チャネル
5624,チャネルライン
5625,チャート
5626,チャート分析
5627,超過収益率
5628,超過リターン
5629,月足
5630,ティックチャート
5631,抵抗線
5632,テクニカル指標
5633,テクニカル分析
5634,テクニカル・アナリスト
5635,転換点
5636,ＤＭＡ
5637,ＤＯＥ
5638,ＤＣＦ法
5639,ＤＤＭ
5640,デッドクロス
5641,デュレーション
5642,デルタ
5643,投下資本利益率
5644,トウバ
5645,騰落株線
5646,騰落率
5647,騰落レシオ
5648,止め足
5649,トラッキング・エラー
5650,トレイナー測度
5651,トレンド
5652,トレンドチャネル
5653,トレンド分析
5654,トレンドライン
5655,トンボ
5656,同事線
5657,胴体
5658,内在価値
5659,内部成長率
5660,日中足
5661,日本証券アナリスト協会
5662,年足
5663,配当性向
5664,配当割引モデル
5665,裸利回り
5666,バリュエーション
5667,ＶａＲ
5668,バーチャート
5669,パフォーマンス
5670,パフォーマンスデータ
5671,パフォーマンス評価
5672,パリティー
5673,日足
5674,標準偏差
5675,ＰＥＲ
5676,ＰＳＲ
5677,ピーク
5678,ＰＣＦＲ
5679,ＰＢＲ
5680,5ＤＭＡ
5681,ファンダメンタルズ分析
5682,ファンドマネジャー
5683,フィリップス曲線
5684,フラッグ型
5685,フラット化
5686,分足
5687,ＶＷＡＰ
5688,ブラックショールズモデル
5689,ブレイクアウト
5690,ベガ
5691,β（ベータ）値
5692,ベータ値
5693,ＰＥＧレシオ
5694,ペナント型
5695,棒足
5696,ボックス型
5697,ボトム
5698,ボラティリティー
5699,ボリュームレシオ
5700,ボリンジャーバンド
5701,ポイントアンドフィギュア
5702,マクロ分析
5703,ＭＡＣＤ
5704,窓
5705,ミニゴールデンクロス
5706,ミニデッドクロス
5707,モメンタム
5708,陽線
5709,予想配当利回り
5710,予想ＰＥＲ
5711,寄引同事線
5712,四本値
5713,4本値
5714,ラインチャート
5715,ランダム・ウォーク
5716,リスクプレミアム
5717,リターン
5718,リビジョン・インデックス
5719,レジスタンスライン
5720,連単倍率
5721,ローソク足
5722,ＷＡＣＣ
5723,ＩＲ
5724,ＩＡＳＢ
5725,ＩＰＯ
5726,アクティビスト
5727,アクルーアル
5728,アニュアルリポート
5729,アモチゼーション
5730,粗利
5731,安定株
5732,安定株主
5733,安定配当
5734,ＲＯＩ
5735,ＲＯＩＣ
5736,ＲＯＥ
5737,ＲＯＡ
5738,ＲＯＣ
5739,一年基準
5740,委任状闘争
5741,ＩＦＲＳ
5742,インタレストカバレッジレシオ
5743,ＥＩＲＲ
5744,ＥＢＩＴＤＡ
5745,ＥＶＡ
5746,受取手形
5747,売上債権回転率
5748,売上総利益
5749,売上高成長率
5750,売上高販管費率
5751,売掛金
5752,売掛債権
5753,営業外収益
5754,営業外費用
5755,営業外利益
5756,営業キャッシュフロー
5757,営業循環基準
5758,営業報告書
5759,営業利益
5760,益出し
5761,エクイティファイナンス
5762,ＳＲＩ
5763,ＳＰＣ
5764,ＸＢＲＬ
5765,ＥＤＩＮＥＴ
5766,ＮＯＩ利回り
5767,ＮＣＦ
5768,ＦＤルール
5769,Ｍ＆Ａ
5770,ＭＥＢＯ
5771,ＭＢＯ
5772,ＭＰＯ
5773,ＬＴＶ
5774,ＬＢＯ
5775,ＡＳＢＪ
5776,ＡＬＭ
5777,黄金株
5778,大株主
5779,オフバランスシート
5780,親会社
5781,買掛金
5782,買掛債務
5783,会社更生法
5784,会社分割
5785,貸し倒れリスク
5786,貸付金
5787,貸付債権
5788,加重平均資本コスト
5789,過剰債務
5790,課徴金減免制度
5791,株式移転
5792,株式給付信託
5793,株式公開
5794,株式公開買い付け
5795,株式交換
5796,株式消却
5797,株式譲渡制限
5798,株式分割
5799,株式併合
5800,株式無償割当て
5801,株式持ち合い
5802,株主
5803,株主還元
5804,株主権
5805,株主構成
5806,株主資本
5807,株主総会
5808,株主提案権
5809,株主優待制度
5810,株主割り当て
5811,下方修正
5812,借入金融
5813,為替感応度
5814,為替ヘッジ
5815,為替ヘッジコスト
5816,為替ヘッジプレミアム
5817,為替リスク
5818,監査意見
5819,監査法人
5820,幹事会社
5821,幹事証券会社
5822,間接金融
5823,カーブアウト
5824,外国人株主
5825,外部金融
5826,合併
5827,合併交付金
5828,合併比率
5829,危機対応融資
5830,企業会計基準委員会
5831,企業会計原則
5832,企業業績
5833,企業再生ファンド
5834,企業統治
5835,企業の社会的責任
5836,期中償還請求権付新株予約権付社債
5837,記念配当
5838,希薄化
5839,キャッシュ・コンバージョン・サイクル
5840,キャッシュフロー
5841,キャッシュフロー計算書
5842,キャッシュリッチ
5843,キャップレート
5844,ＣＡＰＥＸ
5845,ＱＲコード決済
5846,共益権
5847,協調融資
5848,金庫株
5849,金融収支
5850,金融持ち株会社
5851,議決権
5852,議決権行使助言会社
5853,ＧＡＡＰ
5854,業務改善命令
5855,業務隔壁
5856,業務停止命令
5857,ＱＵＩＣＫコンセンサス
5858,クラウンジュエル
5859,繰越欠損金
5860,繰延資産
5861,繰延税金資産
5862,繰延税金負債
5863,クレジットリスク
5864,経常利益
5865,継続企業の前提
5866,決算
5867,決算監査
5868,決算期間
5869,決算短信
5870,決算日
5871,減益
5872,原価会計
5873,原価主義会計
5874,減価償却
5875,減額修正
5876,現金収支
5877,減資
5878,減収
5879,減損損失
5880,減配
5881,公開買い付け制度
5882,公開買い付け説明書
5883,公開買い付け代理人
5884,公開会社
5885,公開基準
5886,公租公課
5887,子株
5888,子会社
5889,国際会計基準審議会
5890,国際財務報告基準
5891,個人株主
5892,固定資産
5893,固定費
5894,固定負債
5895,コマーシャルペーパー
5896,雇用者報酬
5897,コンコルド効果
5898,コンプライアンス
5899,コーポレートアクション
5900,コーポレートガバナンス
5901,コーポレートガバナンス報告書
5902,コーポレートガバナンス・コード
5903,ゴーイング・コンサーン
5904,ゴールデンパラシュート
5905,債権放棄
5906,最高経営責任者
5907,最高財務責任者
5908,最高執行責任者
5909,最高情報責任者
5910,最終利益
5911,最低賃金
5912,債務株式化
5913,債務超過
5914,債務の株式化
5915,債務不履行
5916,債務不履行リスク
5917,先入先出法
5918,三角合併
5919,サンクコスト
5920,サンセット条項
5921,在庫調整
5922,財務キャッシュフロー
5923,財務諸表
5924,財務上の特約
5925,財務リスク
5926,残余財産分配請求権
5927,資産・負債の総合管理
5928,市場区分の変更
5929,執行役
5930,指定替え
5931,支配株主
5932,支払手形
5933,四半期決算
5934,四半期配当
5935,資本金
5936,資本コスト
5937,資本準備金
5938,資本注入
5939,指名委員会等設置会社
5940,収益性
5941,修正国際基準
5942,集団的エンゲージメント
5943,取得原価主義
5944,取得原価主義会計
5945,主要株主
5946,種類株式
5947,少数株主
5948,少数株主権
5949,少数株主持分
5950,新株
5951,新株発行
5952,新株引受権
5953,新株引受権付社債
5954,新株予約権
5955,新株予約権証券
5956,新株予約権付社債
5957,新株予約権無償割当
5958,新規公開
5959,申告分離課税
5960,シンジケート・ローン
5961,進捗（しんちょく）率
5962,信用リスク
5963,ＣＩＯ
5964,ＣＥＯ
5965,ＣＳＲ
5966,Ｃ／Ｆ
5967,ＣＦＯ
5968,ＣＯＯ
5969,ＣＧコード
5970,ＣＧ報告書
5971,ＣＰ
5972,ＪＭＩＳ
5973,自益権
5974,時価会計
5975,時価主義会計
5976,時価総額
5977,時価発行
5978,時価発行新株予約権信託
5979,時価発行増資
5980,時価評価額
5981,事業再生ＡＤＲ
5982,事業報告書
5983,事業持ち株会社
5984,事業リスク
5985,自己株
5986,自己株式の処分
5987,自己資本
5988,自己資本比率
5989,自社株
5990,自社株買い
5991,自社株消却
5992,自主廃業
5993,従業員持ち株制度
5994,授権株式
5995,授権資本
5996,純現金収支
5997,純資産
5998,純粋持ち株会社
5999,純利益
6000,譲渡制限株式
6001,譲渡損益
6002,上方修正
6003,剰余金
6004,スウェットエクイティ
6005,ステークホルダー
6006,スピンアウト
6007,スピンオフ
6008,スピンオフ税制
6009,スマイルカーブ
6010,政策保有株
6011,設備投資
6012,潜在株式
6013,税引前当期利益
6014,総還元性向
6015,総資産利益率
6016,総資本回転率
6017,総損失吸収力
6018,租税公課
6019,ソルベンシー・マージン比率
6020,損益計算書
6021,損益分岐点
6022,損益分岐点比率
6023,ソーシャルレンディング
6024,増益
6025,増益率
6026,増額修正
6027,増資
6028,増収
6029,増配
6030,貸借対照表
6031,退職給付債務
6032,退職給付信託
6033,タイムリー・ディスクロージャー
6034,大量保有報告書
6035,棚卸資産
6036,棚卸資産回転率
6037,他人資本
6038,単元未満株
6039,単独株主権
6040,チャプターイレブン
6041,チャプター11
6042,中間決算
6043,中間配当
6044,ＴＯＢ
6045,ＴＬＡＣ
6046,定款
6047,敵対的ＴＯＢ
6048,敵対的買収
6049,手元流動性
6050,テレワーク
6051,ディスカウントレート
6052,ＤＥＳ
6053,ＤＥレシオ
6054,ＤＳＣＲ
6055,ＤＣＦ法
6056,ＤＰＳ
6057,デットアサンプション
6058,デットファイナンス
6059,デット・エクイティ・スワップ
6060,デフォルト
6061,デフォルトリスク
6062,投下資本利益率
6063,当期純利益
6064,統合報告書
6065,当座資産
6066,当座比率
6067,投資キャッシュフロー
6068,投資財
6069,投資その他の資産
6070,投資有価証券
6071,投資利益率
6072,登録債
6073,特別決議
6074,特別支配株主
6075,特別損失
6076,特別配当
6077,特別利益
6078,トップライン
6079,トラッキングストック
6080,同一労働同一賃金
6081,独占禁止法
6082,内部金融
6083,内部者
6084,内部留保
6085,日銀剰余金
6086,任意準備金
6087,任意積立金
6088,ネットキャッシュ
6089,のれん代
6090,配当
6091,配当可能限度額
6092,配当可能利益
6093,発行価額
6094,発行済株式
6095,発行済み株式数
6096,発行体格付け
6097,販管費
6098,半期報告書
6099,販売費及び一般管理費
6100,買収
6101,買収防衛策
6102,バランスシート
6103,パックマン・ディフェンス
6104,非公開会社
6105,筆頭株主
6106,非連結子会社
6107,ＢＩＳ規制
6108,Ｂ／Ｓ
6109,Ｐ／Ｌ
6110,ファイアーウォール
6111,ファイナンス
6112,フェア・ディスクロージャー・ルール
6113,復配
6114,含み資産
6115,負債コスト
6116,負債比率
6117,普通決議
6118,普通社債
6119,普通配当
6120,フリーキャッシュフロー
6121,粉飾決算
6122,物上担保付社債
6123,分断勤務制度
6124,プロキシーファイト
6125,プロフィットファクター
6126,変動費
6127,米連邦破産法11条
6128,報酬委員会
6129,法定準備金
6130,ホワイトカラー・エグゼンプション
6131,ホワイトナイト（白馬の騎士）
6132,本決算
6133,簿価
6134,ボトムライン
6135,ポイズンピル
6136,マンデート
6137,マークアッププライシング
6138,未公開株
6139,未済
6140,みなし配当
6141,民事再生法
6142,無議決権株式
6143,無形固定資産
6144,無償増資
6145,無配
6146,モザイク情報
6147,持ち合い株
6148,持ち株会社
6149,持株会社
6150,持分法適用会社
6151,役職定年制
6152,有価証券届出書
6153,有価証券含み損益
6154,有価証券報告書
6155,有形固定資産
6156,有償増資
6157,優先株
6158,優先出資証券
6159,優先劣後構造
6160,有利子負債
6161,ユーロ円債
6162,ライツイシュー
6163,ライツ・オファリング
6164,利益準備金
6165,利益剰余金
6166,利益配当請求権
6167,リキャップＣＢ
6168,利潤証券
6169,流動資産
6170,流動比率
6171,流動負債
6172,臨時報告書
6173,劣後ローン
6174,レベニューシェア
6175,連結決算
6176,連結子会社
6177,連結財務諸表
6178,連単倍率
6179,ローン債権
6180,ローンチ
6181,ＷＡＣＣ
6182,割引率
6183,青空天井
6184,青空銘柄
6185,青天井
6186,悪材料
6187,アク抜け
6188,上げ足
6189,上げ一服
6190,上げ賛成
6191,味付け買い
6192,頭打ち
6193,当たり屋
6194,当たる
6195,甘い
6196,アヤ
6197,アヤ押し
6198,アヤ戻し
6199,歩み
6200,歩み値
6201,アンワインド
6202,異彩高
6203,異彩安
6204,板
6205,板寄せ
6206,1カイ2ヤリ
6207,一巡
6208,一段高
6209,一段安
6210,一番底
6211,一番天井
6212,一高一低
6213,一手売り
6214,一手買い
6215,いってこい
6216,一服
6217,一本値
6218,イナゴ投資家
6219,嫌気
6220,いや気売り
6221,いや気投げ
6222,イレ
6223,因果玉
6224,薄商い
6225,内出来
6226,生まれ値
6227,埋める
6228,売り上がり
6229,売り飽き
6230,売り浴びせ
6231,売り安心
6232,売り一巡
6233,売り一服
6234,売方
6235,売り玉
6236,売り崩し
6237,売り気配
6238,売り越し
6239,売り材料
6240,売り残
6241,売残高
6242,売り出し
6243,売り建玉
6244,売りつなぎ
6245,売り手市場
6246,売り手控え
6247,売り特別気配
6248,売り直し
6249,売り抜け
6250,売り乗せ
6251,売り場
6252,売り向かう
6253,上ザヤ
6254,上放れ
6255,上値
6256,上値が重い
6257,往来相場
6258,大商い
6259,大商い株
6260,大口
6261,大底
6262,大台
6263,大天井
6264,大引け
6265,お化粧買い
6266,押し目
6267,押す
6268,踊り場
6269,思惑買い
6270,親引け
6271,親不孝相場
6272,織り込み済み
6273,終値
6274,オーバーシュート
6275,買い飽き
6276,買い安心
6277,買い一巡
6278,買い一服
6279,買方
6280,買い玉
6281,買い気配
6282,買い越し
6283,買い下がり
6284,買い支え
6285,買い材料
6286,買い残
6287,買残高
6288,買い建玉
6289,買い疲れ
6290,買い手市場
6291,買い手控え
6292,買い特別気配
6293,買取引受
6294,買い乗せ
6295,買い場
6296,買い向かう
6297,買いもたれ
6298,買い戻し
6299,顔合わせ
6300,下降トレンド
6301,貸株
6302,貸株注意喚起銘柄
6303,貸株申込制限銘柄
6304,仮装売買
6305,堅い
6306,株不足
6307,カラ売り
6308,カラ売り規制
6309,カラ買い
6310,借株残
6311,仮需
6312,仮需要
6313,換金売り
6314,閑散
6315,閑散に売りなし
6316,官製相場
6317,ガラ
6318,期日
6319,期日明け
6320,期日圧迫
6321,期日売り
6322,期日向かい
6323,基準値段
6324,基調
6325,基調転換
6326,気迷い
6327,急騰
6328,急反発
6329,急反落
6330,急落
6331,強弱観
6332,きり（限）
6333,切り返す
6334,金融相場
6335,金利敏感株
6336,逆張り
6337,逆日歩
6338,ギャップアップ
6339,ギャップダウン
6340,業種
6341,業績相場
6342,玉
6343,玉整理
6344,玉ほぐれ
6345,食い合い
6346,くくり直し
6347,くくり直し
6348,鯨幕相場
6349,くずれる
6350,玄人筋
6351,クロス
6352,景気循環株
6353,景気敏感株
6354,決算ギャンブル
6355,気配
6356,堅調
6357,権利落ち
6358,権利落ち日
6359,権利確定日
6360,権利行使価格
6361,権利付き
6362,権利付き最終売買日
6363,権利付き最終日
6364,下落トレンド
6365,現実買い
6366,現引き
6367,現物
6368,現渡し
6369,小甘い
6370,小動き
6371,好材料
6372,公社債店頭売買参考統計値
6373,小堅い
6374,小型株効果
6375,小口
6376,小じっかり
6377,小締まる
6378,小高い
6379,こなす
6380,小幅往来
6381,小反発
6382,小反落
6383,小浮動
6384,小戻す
6385,小安い
6386,小緩む
6387,ご祝儀商い
6388,ご祝儀相場
6389,後場
6390,後場寄り
6391,ゴルディロックス相場
6392,催促相場
6393,先高
6394,先物買い
6395,先安
6396,下げ足
6397,下げ一服
6398,下げ賛成
6399,下げ渋る
6400,指し値
6401,指し値注文
6402,指し値出来ずば引け成行注文
6403,様変わり
6404,サマーラリー
6405,サヤ
6406,サヤ寄せ
6407,申酉騒ぐ
6408,三角もちあい
6409,三点童子
6410,散発高
6411,材料
6412,材料株
6413,材料出尽くし
6414,材料難
6415,材料待ち
6416,ザラ場
6417,残玉
6418,残高
6419,支援材料
6420,塩漬け
6421,仕掛け
6422,仕掛け損
6423,仕掛け難
6424,シコリ
6425,シコリ玉
6426,市場エネルギー
6427,市場外部要因
6428,市場性
6429,市場内部要因
6430,下支え
6431,下支え要因
6432,下ザヤ
6433,下放れ
6434,下値
6435,しっかり
6436,仕手
6437,仕手株
6438,仕手筋
6439,仕手戦
6440,品薄株
6441,品貸し料
6442,品貸料
6443,品借り料
6444,締まる
6445,消化
6446,小勢
6447,商盛
6448,消費関連株
6449,処分売り
6450,素人筋
6451,新株落ち
6452,新規売り
6453,新規買い
6454,神経質
6455,新高値
6456,新値
6457,新安値
6458,信用売り
6459,信用買い
6460,信用規制
6461,シーズン・ストック
6462,地合い
6463,時間分散
6464,地相場
6465,実質月内最終売買日
6466,実質月替わり
6467,実勢相場
6468,実需
6469,地場筋
6470,循環物色
6471,順張り
6472,上昇トレンド
6473,上伸
6474,上場来高値
6475,上場来安値
6476,ジリ高
6477,ジリ安
6478,水準訂正
6479,ストップ高
6480,ストップ安
6481,政策に売りなし
6482,成長株
6483,整理
6484,セクター
6485,セリング・クライマックス
6486,セルサイド
6487,先駆株
6488,先見性
6489,選択売り
6490,選択買い
6491,選別売り
6492,選別買い
6493,前日終値
6494,前日比
6495,全値押し
6496,全値戻し
6497,前場
6498,前引け
6499,全面高
6500,全面安
6501,相場観
6502,相場つき
6503,相場につく
6504,底
6505,底入れ
6506,底打ち
6507,底堅い
6508,底固め
6509,底調べ
6510,底値鍛錬
6511,底ばい
6512,底をつく
6513,損切り
6514,続伸
6515,続落
6516,大勢
6517,大勢観
6518,対当売買
6519,高値
6520,高値覚え
6521,高値警戒
6522,高値つかみ
6523,高値引け
6524,高値待ち
6525,高値もみ合い
6526,高寄り
6527,立会
6528,立会時間
6529,建玉
6530,大暴落
6531,ダウ理論
6532,ダウンサイドリスク
6533,打診売り
6534,打診買い
6535,ダレる
6536,中間反騰
6537,中間戻し
6538,中小型株
6539,中勢
6540,中勢観
6541,中低位株
6542,ちょうちん
6543,追撃売り
6544,追撃買い
6545,追随高
6546,追随安
6547,月替わり商い
6548,突っ込み買い
6549,突っ込み警戒
6550,突っ込む
6551,つなぎ
6552,つなぎ外し
6553,強気
6554,強腰
6555,強含み
6556,強もちあい
6557,面合わせ
6558,つれ高
6559,つれ安
6560,低位株
6561,手掛かり
6562,手掛かり難
6563,適温相場
6564,手口
6565,手じまい
6566,手詰まり
6567,手控え
6568,天井
6569,天井つかみ
6570,テンバガー
6571,出合い
6572,出合い注文
6573,出合い難
6574,ディフェンシブ銘柄
6575,ディフェンシブ・ストック
6576,出遅れ株
6577,出来ず
6578,出来ず引成
6579,出来高
6580,出来値
6581,デッド・キャット・バウンス
6582,出直る
6583,掉尾の一振
6584,特別売り気配
6585,特別買い気配
6586,特別気配
6587,突飛高
6588,突飛安
6589,飛び付き買い
6590,取組
6591,トレンドフォロー
6592,動意
6593,独歩高
6594,独歩安
6595,ドテン
6596,ドレッシング買い
6597,凪相場
6598,投げ
6599,投げ売り
6600,夏枯れ相場
6601,成り行き
6602,成り行き注文
6603,なれ合い売買
6604,軟化
6605,軟調
6606,ナンピン売り
6607,ナンピン買い
6608,日中足
6609,荷もたれ感
6610,人気株
6611,人気買い
6612,人気相場
6613,抜く
6614,値洗い
6615,値がさ株
6616,値が残る
6617,値ごろ感
6618,値つき
6619,値つき率
6620,値つけ株
6621,値幅制限
6622,値幅整理
6623,値ぼれ売り
6624,値ぼれ買い
6625,値を消す
6626,年初来高値
6627,年初来安値
6628,伸び悩む
6629,配当落ち
6630,配当取り
6631,端株
6632,計らい注文
6633,始値
6634,裸相場
6635,裸利回り
6636,初値
6637,放れる
6638,早耳
6639,波乱
6640,反省高
6641,反省安
6642,反騰
6643,反動高
6644,反動安
6645,半値押し
6646,半値戻し
6647,反発
6648,反落
6649,場味
6650,バイサイド
6651,売買高
6652,バリュートラップ
6653,日柄
6654,引け
6655,引け後
6656,引け際
6657,引け指し値
6658,引け成
6659,引け値
6660,冷やし玉
6661,冷やす
6662,拾う
6663,ピーク
6664,風説の流布
6665,笛吹き
6666,吹き上げ
6667,吹き値売り
6668,不成注文
6669,踏み
6670,踏み上げ
6671,フラッグ型
6672,フルインベストメント
6673,物色買い
6674,ペナント型
6675,ほぐれる
6676,保険つなぎ
6677,細る
6678,本格反騰
6679,棒上げ
6680,棒下げ
6681,防戦売り
6682,防戦買い
6683,暴騰
6684,暴落
6685,ボケる
6686,ボックス型
6687,ボックス相場
6688,ボトム
6689,ボラタイル
6690,ボンヤリ
6691,ぼんやり
6692,ポジション
6693,ポジショントーク
6694,曲がり屋
6695,幻のSQ
6696,見送り
6697,見切り千両
6698,みなし額面
6699,銘柄
6700,目先
6701,目先観
6702,目先筋
6703,もちあい
6704,もちあい放れ
6705,もちつき相場
6706,戻す
6707,戻り
6708,戻り足
6709,戻り売り
6710,もみ合い
6711,モメンタム株
6712,模様眺め
6713,約定
6714,約定代金
6715,安値
6716,安値覚え
6717,安値拾い
6718,安値引け
6719,安値待ち
6720,安値もみ合い
6721,休む
6722,休むも相場
6723,安寄り
6724,ヤリ気配
6725,やれやれ
6726,緩む
6727,様子見
6728,横ばい
6729,呼び値
6730,寄り付き
6731,寄り前
6732,弱気
6733,弱腰
6734,弱含み
6735,弱もちあい
6736,乱高下
6737,利益確定売り
6738,利食い
6739,リスクオフ
6740,リスクオン
6741,リスク回避
6742,リスク志向
6743,リスク選好
6744,理想買い
6745,リターン・リバーサル
6746,レンジ相場
6747,連想売り
6748,連想買い
6749,ろうばい売り
6750,ロスカット
6751,腕力相場
6752,ＩＳＭ製造業・非製造業景気指数
6753,ＩＬＯ失業率
6754,Ｉｖｅｙ購買担当者景況感指数
6755,ＩＶ
6756,アップ率
6757,α（アルファ）値
6758,ＲＩＣＩ（Ｒ）
6759,ＲＩＣＳ住宅価格指数
6760,Ｒ＆Ｉ
6761,ＲＳＩ
6762,ＲＯＩ
6763,ＲＯＩＣ
6764,ＲＯＥ
6765,ＲＯＡ
6766,ＲＣＩ
6767,Ｒ2
6768,ＲＴＳ指数
6769,ＲＤＥＩ
6770,イスタンブール100
6771,一致指数
6772,移動平均乖離率
6773,インタレストカバレッジレシオ
6774,インディカティブＮＡＶ
6775,インデックス
6776,インフォメーションリスク
6777,インフォメーション・レシオ
6778,インフレギャップ
6779,インプライドボラティリティー
6780,インベスターリターン
6781,ＥＩＡ週間石油統計
6782,ESPフォーキャスト調査
6783,ＥＢＩＴＤＡ
6784,ＥＰＳ
6785,Ｉｆｏ景況感指数
6786,ＥＶ
6787,EV/EBITDA倍率
6788,ＥＶＡ
6789,イールドカーブ
6790,イールドスプレッド
6791,イールドレシオ
6792,Ｗｅｓｔｐａｃ消費者信頼感指数
6793,売上債権回転率
6794,売上高成長率
6795,売上高販管費率
6796,ＨＶ
6797,益利回り
6798,Ｓ＆Ｐ
6799,Ｓ＆Ｐケース・シラー住宅価格指数
6800,ＳＡＣＣＩ景況感指数
6801,ＳＴ指数
6802,Ｓ＆Ｐ500
6803,Ｓ＆Ｐ新興国ＲＥＩＴ指数
6804,Ｓ＆Ｐ先進国ＲＥＩＴ指数
6805,ＳＶＭＥ購買担当者景況指数
6806,ＮＯＩ利回り
6807,ＮＣＤ
6808,ＮＴ倍率
6809,ＦＦＯ
6810,ＦＦ金利
6811,ＦＴＳＥ世界国債インデックス
6812,ＦＴＳＥ全世界株価指数
6813,ＦＴＳＥ100指数
6814,ＦＴ100
6815,ＭＳＣＩエマージング・マーケット・インデックス
6816,ＭＳＣＩ－ＫＯＫＵＳＡＩ指数
6817,ＭＳＣＩ指数
6818,ＭＳＣＩ世界株価指数
6819,ＭＢＡ住宅ローン申請指数
6820,ＬＴＶ
6821,円円スワップ
6822,円金利スワップ
6823,Yen Swap
6824,ＡＮＺ企業信頼感指数
6825,ＡＤＰ雇用者数
6826,大型株
6827,オシレーター
6828,卸売売上高
6829,卸売在庫（米国）
6830,卸売物価指数
6831,乖離率
6832,価格変動性
6833,格付け
6834,格付け格差
6835,格付け会社
6836,格付け機関
6837,格付投資情報センター
6838,加重平均
6839,加重平均株価
6840,加重平均資本コスト
6841,加重平均利回り
6842,ＣＡＣ４０指数
6843,勝手格付け
6844,株価キャッシュフロー倍率
6845,株価指数
6846,株価指標
6847,株価収益率
6848,株価純資産倍率
6849,株式益利回り
6850,株式投資収益率
6851,株主資本配当率
6852,株主資本利益率
6853,完全失業率
6854,概算要求基準
6855,ガンマ
6856,機械受注統計
6857,期間騰落率
6858,企業在庫（米国）
6859,企業物価指数
6860,企業向けサービス価格指数
6861,基準地価
6862,基準割引率および基準貸付利率
6863,季節調整値
6864,基礎的財政収支
6865,規模別株価指数
6866,キャッシュ・コンバージョン・サイクル
6867,共通ＫＰＩ
6868,恐怖指数
6869,ＧＩＣＳ
6870,逆イールド
6871,業況判断ＤＩ
6872,業種
6873,景気ウオッチャー指数
6874,景気ウオッチャー調査
6875,景気条項
6876,景気先行指数（米国）
6877,景気動向指数
6878,経常収支
6879,決定係数
6880,建設支出（米国）
6881,ＫＯＦスイス先行指数
6882,月例経済報告
6883,原材料価格指数（カナダ）
6884,コアコアＣＰＩ
6885,コアコア（物価）指数
6886,コア（物価）指数
6887,公共部門ネット負債
6888,鉱工業指数
6889,鉱工業生産指数
6890,鉱工業製品価格（カナダ）
6891,公示地価
6892,購買担当者景気指数
6893,購買力平価
6894,小売売上高
6895,小売物価指数（英国）
6896,小型株
6897,国際収支
6898,国際収支マニュアル
6899,国内総所得
6900,国内総生産
6901,国民総支出
6902,国民総所得
6903,個人支出（米国）
6904,個人消費支出
6905,個人消費（米国）
6906,個人所得（米国）
6907,雇用者数（オーストラリア）
6908,雇用者数（カナダ）
6909,雇用統計（米国）
6910,コンベクシティ
6911,コンポジット・インデックス
6912,最終利回り
6913,最優遇貸出金利
6914,先物理論価格
6915,サスティナブル成長率
6916,在庫指数
6917,シカゴ購買部協会景気指数
6918,資金供給量
6919,市場金利
6920,市中金利
6921,失業者数（ドイツ）
6922,失業率
6923,失業率（オーストラリア）
6924,失業率（カナダ）
6925,失業率（ドイツ）
6926,シティ世界国債インデックス
6927,上海Ａ株指数
6928,上海総合指数
6929,上海Ｂ株指数
6930,シャープ測度
6931,シャープ・レシオ
6932,終利
6933,消費活動指数
6934,消費者信頼感指数
6935,消費者信頼感指数（米国）
6936,消費者態度指数
6937,消費者物価基準改定
6938,消費者物価指数
6939,消費動向指数
6940,シラーＰＥＲ
6941,新規失業保険申請件数（米国）
6942,新築住宅販売件数（米国）
6943,信用格付け会社
6944,ＣＩ
6945,ＣＲＢ指数
6946,ＣＦＰＳ
6947,ＣＣＩ
6948,ＣＴＩ
6949,ＣＤ
6950,ＣＰＩ
6951,ＪＰモルガンＧＢＩ‐ＥＭグローバル・ダイバーシファイド
6952,ＪＣＲ
6953,ＪＰＸ日経400
6954,時価総額
6955,自己資本利益率
6956,実質可処分所得
6957,実質為替レート
6958,実質賃金
6959,ジニ係数
6960,ジャカルタ総合指数
6961,住宅建築許可件数
6962,住宅着工件数
6963,住宅着工・着工許可件数（米国）
6964,重要業績評価指標
6965,需給ギャップ
6966,順位相関指数
6967,順イールド
6968,譲渡性預金
6969,除数
6970,ＧＮＩ
6971,ＧＮＰ
6972,ＧＤＩ
6973,ＧＤＥ
6974,ＧＤＰ
6975,ＧＤＰギャップ
6976,ＧＤＰ統計（米国）
6977,スタイルインデックス
6978,スタンダード・アンド・プアーズ
6979,スタンダード・アンド・プアーズ500種指数
6980,スティープ化
6981,スプリット・レーティング
6982,スポットレート
6983,スマイルカーブ
6984,スマートベータ
6985,スマートβ
6986,スマートベータ運用
6987,スマートβ運用
6988,スローストキャスティクス
6989,政策金利
6990,生産者物価指数
6991,製造業新規受注
6992,製造業生産高
6993,設備稼働率
6994,設備投資
6995,先行指数
6996,潜在ＧＤＰ
6997,ＳＥＮＳＥＸ30指数
6998,先導株比率
6999,セータ
7000,ＺＥＷ景況感指数
7001,ゼロ金利（政策）
7002,全国企業短期経済観測調査
7003,全産業活動指数
7004,総合利回り
7005,総資産利益率
7006,総資本回転率
7007,対外純資産
7008,耐久財受注（米国）
7009,対米証券投資
7010,台湾加権指数
7011,棚卸資産回転率
7012,短期プライムレート
7013,単純平均株価
7014,単純平均利回り
7015,第3次産業活動指数
7016,ダウ工業株30種平均
7017,ＤＡＸ
7018,ＤＡＸ指数
7019,ＷＴＩ
7020,ＷＴＩ原油先物
7021,地域別支出総合指数
7022,遅行指数
7023,中型株
7024,中古住宅販売件数（米国）
7025,中古住宅販売成約指数（米国）
7026,長期金利操作
7027,長期プライムレート
7028,直接利回り
7029,直利
7030,通貨残高
7031,Ｔｉｅｒ２
7032,Ｔｉｅｒ１
7033,ＴＦＰ
7034,テクニカル指標
7035,転換率
7036,ディフュージョン・インデックス
7037,ＤＩ
7038,ＤＥレシオ
7039,ＤＯＥ
7040,出来高
7041,デフレギャップ
7042,デュレーション
7043,デルタ
7044,投下資本利益率
7045,投資主体別売買状況
7046,投資部門別売買状況
7047,東証株価指数
7048,東証2部株価指数
7049,東証配当フォーカス100指数
7050,東証ＲＥＩＴ指数
7051,投資利益率
7052,騰落株線
7053,騰落率
7054,ＴＯＰＩＸ
7055,ＴＯＰＩＸ Core30
7056,ＴＯＰＩＸ1000
7057,ＴＯＰＩＸニューインデックスシリーズ
7058,ＴＯＰＩＸ１００
7059,取引高
7060,トータルリターン
7061,ドイツ株価指数
7062,ドットチャート
7063,ナスダック総合指数
7064,日銀短観
7065,日経株価指数300
7066,日経ジャスダック平均株価
7067,日経総合株価指数
7068,日経通貨インデックス
7069,日経225　Ｗｅｅｋｌｙオプション
7070,日経配当指数
7071,日経平均株価
7072,日経平均高配当株５０指数
7073,日経平均ボラティリティー・インデックス
7074,日本格付研究所
7075,ニューヨーク連銀製造業景気指数
7076,ネットキャッシュ
7077,値つき率
7078,値付率
7079,ネーションワイド住宅価格
7080,ＮＯＭＵＲＡ－ＢＰＩ
7081,ＮＯＭＵＲＡ－ＢＰＩ総合指数
7082,配当性向
7083,ハリファックス住宅価格
7084,ハンセン株価指数
7085,売買回転率
7086,売買代金回転率
7087,売買高
7088,バフェット指標
7089,バルチック海運指数
7090,パフォーマンス
7091,パフォーマンスデータ
7092,パリティー
7093,ヒストリカルボラティリティー
7094,1株当たりキャッシュフロー
7095,一株当たりキャッシュフロー
7096,1株当たり純資産
7097,一株当たり純資産
7098,1株当たり利益
7099,一株当たり利益
7100,非農業部門雇用者数
7101,標準物
7102,ＶＩＸ指数
7103,ＢＤＩ
7104,ＢＰＳ
7105,ＰＥＲ
7106,ＰＳＩ20指数
7107,ＰＳＲ
7108,ＰＭＩ
7109,ＰＣＥデフレーター
7110,ＰＣＦＲ
7111,ＰＢＲ
7112,ＰＰＩ
7113,ファンダメンタル・バリュー
7114,フィッチ
7115,フィッチ・レーティングス
7116,フィラデルフィア連銀製造業景況指数
7117,浮動株比率
7118,フラット化
7119,ＶＷＡＰ
7120,ブッシェル
7121,ブラックショールズモデル
7122,ブレークイーブンインフレ率
7123,プライマリーバランス
7124,プライムレート
7125,平均直利
7126,平均利回り
7127,ヘンリーハブ
7128,ベガ
7129,β（ベータ）値
7130,ベータ値
7131,ＰＥＧレシオ
7132,法人企業統計
7133,北海ブレント
7134,貿易収支
7135,貿易統計
7136,ボベスパ指数
7137,ボラティリティー
7138,ボリュームレシオ
7139,ポテンシャルＧＤＰ
7140,マイナス金利（政策）
7141,ＭＡＣＤ
7142,マネタリーベース
7143,マネーストック
7144,ＭｉＦＩＤ
7145,無担保コール翌日物
7146,ムーディーズ
7147,メキシコボルサ指数
7148,モメンタム
7149,有効求人倍率
7150,優待利回り
7151,輸入物価指数（米国）
7152,ユーロ圏業況判断指数
7153,ユーロ・ストックス５０
7154,予想配当利回り
7155,予想ＰＥＲ
7156,予想変動率
7157,予備格付け
7158,ラスパイレス指数
7159,ラッセル2000
7160,李克強指数
7161,リスクプレミアム
7162,リビジョン・インデックス
7163,流動比率
7164,類似会社比準価格算定方式
7165,歴史的変動率
7166,レシオ
7167,レッドチップ指数
7168,連単倍率
7169,レーティング
7170,ロイターズ／ジェフリーズＣＲＢ指数
7171,労働生産性
7172,労働分配率
7173,路線価
7174,ＷＡＣＣ
7175,ＩＲＳ
7176,ＩＦＡ
7177,ＩＳＩＮコード
7178,ＩＣＯ
7179,相対取引
7180,相対売買
7181,ＩＴＭ
7182,ＩＶ
7183,アウトライト取引
7184,アウト・オブ・ザ・マネー
7185,青空銘柄
7186,アスク
7187,アセットスワップ
7188,アセット・アロケーション
7189,アット・ザ・マネー
7190,アノマリー
7191,Ａｍｅｘ
7192,アメリカンタイプオプション
7193,アルゴリズム高速取引
7194,アルゴリズム取引
7195,アルゴリズムトレード
7196,アローヘッド
7197,安定操作
7198,アンビシャス
7199,アービトラージ
7200,アービトラージャー
7201,ＲＴＧＳ
7202,ＩＳＤＡ
7203,板
7204,委託証拠金
7205,委託手数料
7206,委託売買
7207,委託保証金
7208,委託保証金率
7209,板寄せ
7210,一般気配
7211,イベント・ドリブン
7212,イミュニゼーション戦略
7213,インサイダー取引
7214,インターコンチネンタル取引所
7215,インターネット証券
7216,インターネットブローカー
7217,インターマーケットスプレッド取引
7218,インディカティブＮＡＶ
7219,インデックス売買
7220,インフレ・ヘッジ
7221,インフレーション・リスク
7222,インプライドボラティリティー
7223,イン・ザ・マネー
7224,ＥＳＧ投資
7225,ＥＣＮ
7226,ＥＴＮ
7227,ＥＴＦ
7228,ＥＴＣ
7229,ＥＴＰ
7230,受渡決済
7231,受渡決済値段
7232,受渡適格銘柄
7233,受渡日
7234,内出来
7235,売方
7236,売り玉
7237,売り気配
7238,売り越し
7239,売り残
7240,売残高
7241,売り出し
7242,売り建玉
7243,売りつなぎ
7244,売り手控え
7245,売り特別気配
7246,売り直し
7247,売り抜け
7248,売り乗せ
7249,売り場
7250,運用指図
7251,ＨＦＴ
7252,ＨＶ
7253,ＳＭＡ
7254,ＳＯＲ注文
7255,ＳＱ
7256,ＮＤＦ
7257,ＮＹＳＥユーロネクスト
7258,ＮＹＳＥ
7259,ＦＲＡ
7260,ＦＸ
7261,ＭＳＣＢ
7262,円円スワップ
7263,円キャリー取引
7264,円金利スワップ
7265,Yen Swap
7266,円高
7267,円安
7268,ＡＴＭ
7269,追い証
7270,大商い
7271,大口
7272,大口取引
7273,大阪証券取引所
7274,大阪取引所
7275,お化粧買い
7276,踊り場
7277,オプション価格
7278,オプション取引
7279,オプション料
7280,オペ
7281,オペレーション
7282,オペレーション・ツイスト
7283,オルタナティブ投資
7284,終値関与
7285,オンライン証券
7286,オンラインブローカー
7287,ＯＩＳ
7288,オークション方式
7289,オーダー・ドリブン
7290,ＯＴＭ
7291,ＯＴＣ
7292,オーバーアロットメント
7293,買い上がり
7294,買方
7295,買方金利
7296,買い玉
7297,買い気配
7298,買い越し
7299,回号
7300,買い支え
7301,買い材料
7302,買い残
7303,買残高
7304,買い占め
7305,買い建玉
7306,買付手数料
7307,買い手控え
7308,買い特別気配
7309,買取請求
7310,買取引受
7311,介入
7312,買い乗せ
7313,買い場
7314,買い持ち
7315,買い戻し
7316,解約
7317,解約価額
7318,解約金支払日
7319,解約請求
7320,解約手数料
7321,カウンターパーティー
7322,カウンターパーティーリスク
7323,価格変動リスク
7324,価格優先の原則
7325,貸株
7326,貸株市場
7327,貸株注意喚起銘柄
7328,貸株申込制限銘柄
7329,貸し倒れリスク
7330,カストディアン
7331,仮装売買
7332,片端入れ
7333,カットオフタイム
7334,カバードコール
7335,カバードプット
7336,カバードワラント
7337,株価指数オプション取引
7338,株価指数先物取引
7339,株価指数連動型上場投資信託
7340,株価指標
7341,株価操作
7342,株価リンク債
7343,株価連動債
7344,株式オプション取引
7345,株式公開
7346,株式公開買い付け
7347,株式売買委託手数料
7348,株式分割
7349,株式併合
7350,株式ミニ投資
7351,株式累積投資制度
7352,下方修正
7353,下方修正条項付きＣＢ
7354,カラ売り
7355,カラ売り規制
7356,カラ売り比率
7357,カラ買い
7358,借株残
7359,仮需要
7360,カレンシースワップ
7361,カレンダースプレッド取引
7362,為替介入
7363,為替ヘッジ
7364,為替ヘッジコスト
7365,為替ヘッジプレミアム
7366,為替リスク
7367,換金売り
7368,幹事会社
7369,幹事証券会社
7370,カントリーファンド
7371,監理ポスト
7372,監理銘柄
7373,外国為替市場
7374,外国為替証拠金取引
7375,外国為替平衡操作
7376,外国証券取引口座
7377,外国人投資家
7378,外務員
7379,合併比率
7380,元本リスク
7381,期先
7382,期先限月取引
7383,期先物
7384,期日
7385,期日明け
7386,期日圧迫
7387,期日売り
7388,期日向かい
7389,基準価額
7390,基準値段
7391,規制銘柄
7392,期近
7393,期近限月取引
7394,期近物
7395,既発債
7396,キャップ
7397,ＣＡＰ
7398,キャリートレード
7399,Q-Board
7400,競争売買
7401,協調介入
7402,金融先物取引
7403,金融先物取引業者
7404,金融商品仲介業
7405,金融商品取引業
7406,金融商品取引業者
7407,金融商品取引所
7408,金融取
7409,金融派生商品
7410,金利スワップ
7411,ギブアップ制度
7412,逆指し値注文
7413,逆日歩
7414,クォート・ドリブン
7415,クオンツ運用
7416,くくり直し
7417,くくり直し
7418,クリアリング機構
7419,クレジットデリバティブ
7420,クレジットリスク
7421,クレジット・デフォルト・スワップ
7422,クロス
7423,クロスボーダー取引
7424,クロスレート
7425,グレーマーケット
7426,グロース株投資
7427,グロース市場
7428,グロース投資
7429,グローバル・オファリング
7430,ＧＬＯＢＥＸ
7431,経過利子
7432,決済リスク
7433,決算ギャンブル
7434,気配
7435,権利行使
7436,権利行使日
7437,権利付き最終売買日
7438,権利付き最終日
7439,権利入札
7440,権利放棄
7441,減額修正
7442,現金授受予定額
7443,現金担保
7444,限月
7445,限月間スプレッド取引
7446,限月交代
7447,現先取引
7448,現在値
7449,限日取引
7450,現引き
7451,現渡し
7452,公開買い付け制度
7453,公開買い付け説明書
7454,公開買い付け代理人
7455,公開価格
7456,公開市場操作
7457,公開前規制
7458,口座設定約諾書
7459,公社債店頭売買参考統計値
7460,高速高頻度取引
7461,高頻度取引
7462,公募
7463,公募価格
7464,公募増資
7465,公募・売り出し価格
7466,効率的フロンティア
7467,国際スワップ・デリバティブ協会
7468,国債の入札前取引
7469,国債の発行日前取引
7470,国債のリオープン方式
7471,国際分散投資
7472,個人持ち株比率
7473,固定相場制
7474,個別格付け
7475,個別株オプション
7476,個別信用残高
7477,コモディティ上場投資信託
7478,コモディティスワップ
7479,コモディティー投資
7480,コンバージョン・ファクター
7481,コールオプション
7482,合成先物
7483,ご祝儀商い
7484,ご祝儀相場
7485,債券先物取引
7486,債券貸借取引
7487,債券レポ市場
7488,最終決済
7489,最終気配値段
7490,最終清算数値
7491,裁定売り
7492,裁定売り残
7493,裁定買い残
7494,裁定解消売り
7495,裁定買い
7496,裁定残
7497,裁定取引
7498,才取り会員
7499,債務不履行リスク
7500,最良気配
7501,最良執行
7502,裁量取引
7503,差額決済
7504,先物取引
7505,先渡取引
7506,差金決済
7507,差金決済取引
7508,指し値
7509,指し値オペ
7510,指し値注文
7511,指し値出来ずば引け成行注文
7512,札幌証券取引所
7513,サヤ
7514,サヤ取り
7515,サヤ寄せ
7516,ＳＵＮＲＩＳＥ
7517,財務リスク
7518,残玉
7519,残高
7520,市場間スプレッド取引
7521,市場リスク
7522,システム運用
7523,システムトレード
7524,私設取引システム
7525,仕手戦
7526,品貸し料
7527,品貸料
7528,品借り料
7529,私募
7530,社会的責任投資
7531,収益性
7532,集中投資
7533,主幹事
7534,償還
7535,償還期間
7536,償還期日
7537,償還金
7538,償還差益
7539,償還年限
7540,償還日
7541,償還予定日
7542,少額投資非課税制度
7543,証券会社
7544,証券外務員
7545,証券金融会社
7546,証券業
7547,証券コード
7548,証券コード協議会
7549,証券市場
7550,証券総合口座
7551,証券仲介業
7552,証券取引所
7553,証券取引責任準備金
7554,証券取引等監視委員会
7555,証券保管振替機構
7556,証拠金
7557,所属部
7558,ショート
7559,ショートカバー
7560,ショートポジション
7561,新規暗号資産公開
7562,新規公開
7563,新興市場
7564,新証券コード
7565,シンジケートカバー取引
7566,信託期間
7567,信託財産留保額
7568,信託約款
7569,信用売り
7570,信用買い
7571,信用規制
7572,信用取引
7573,信用取引金利
7574,信用取引残高
7575,信用倍率
7576,信用評価損益率
7577,信用銘柄
7578,信用リスク
7579,ＣＳＡ
7580,ＣＦＤ
7581,ＣＤＳ
7582,Ｊ－ＮＥＴ取引
7583,ＪＳＣＣ
7584,ＪＰＸ
7585,時間的価値
7586,時間優先の原則
7587,直物取引
7588,自己責任原則
7589,自己売買
7590,自己売買基準
7591,自信過剰バイアス
7592,実質月内最終売買日
7593,実質月替わり
7594,実現損益
7595,地場受け
7596,地場証券
7597,従業員持ち株制度
7598,重要事実
7599,上場投資信託
7600,上場取引型金融商品
7601,上場取引所
7602,上場廃止
7603,上方修正
7604,スイングトレード
7605,スタンダード市場
7606,ストップ配分
7607,ストップロスオーダー
7608,ストラテジー取引
7609,ストラドル
7610,ストラングル
7611,ＳＰＡＮ
7612,ＳＰＡＮ証拠金額
7613,スプレッド
7614,スペキュレーション取引
7615,スペキュレーター
7616,スポット取引
7617,スモールティック
7618,スワップション
7619,スワップ取引
7620,スワップポイント
7621,政策投資
7622,清算価格
7623,清算機関
7624,清算値段
7625,成長株投資
7626,制度信用取引
7627,制度信用銘柄
7628,整理ポスト
7629,整理銘柄
7630,セクターローテーション
7631,セリ売買
7632,セリング
7633,セリング・クライマックス
7634,総合取引所
7635,相場操縦
7636,即時グロス決済
7637,ソフトダラー
7638,ソブリンリスク
7639,損失補てん
7640,増額修正
7641,対顧客市場
7642,対顧客相場
7643,貸借取引
7644,貸借倍率
7645,貸借銘柄
7646,対当売買
7647,タイムディケイ
7648,立会外取引
7649,立会時間
7650,建玉
7651,単元株制度
7652,短資会社
7653,単独介入
7654,担保掛け目
7655,大証
7656,ダイナミックヘッジ
7657,ダウ採用銘柄
7658,ダウンサイドリスク
7659,打診売り
7660,打診買い
7661,ダークプール
7662,地方取引所
7663,着地取引
7664,注意銘柄
7665,中心限月
7666,注文期間
7667,超高速取引
7668,ツイストオペ
7669,通貨オプション
7670,通貨スワップ
7671,月替わり商い
7672,つみたてＮＩＳＡ
7673,TICK
7674,ティック
7675,ＴＦＸ
7676,ＴＯＢ
7677,ＴＴＳ
7678,ＴＴＭ
7679,ＴＴＢ
7680,Ｔプラス2
7681,Ｔ＋2
7682,敵対的ＴＯＢ
7683,敵対的買収
7684,転換売り
7685,天候デリバティブ
7686,店頭FX
7687,店頭市場
7688,店頭デリバティブ
7689,店頭取引
7690,出合い注文
7691,ディスカウントブローカー
7692,ＤＲ
7693,ＤＳＡ
7694,ディーラー
7695,ディーリング
7696,出来ず
7697,出来ず引成
7698,出来値
7699,デフォルトリスク
7700,デリバティブ
7701,デルタヘッジ
7702,電信売相場
7703,電信買相場
7704,投機
7705,投機的格付け
7706,TOKYO AIM
7707,東京金融取引所
7708,東京証券取引所
7709,東京商品取引所
7710,TOKYO PRO-BOND Market
7711,TOKYO PRO Market
7712,当限
7713,投資一任契約
7714,投資クラブ
7715,投資主体別売買状況
7716,投資信託約款
7717,投資適格
7718,投資主
7719,投資部門別売買状況
7720,東証
7721,東証株価指数
7722,東証2部株価指数
7723,当日決済取引
7724,特設注意市場銘柄
7725,特別売り気配
7726,特別買い気配
7727,特別気配
7728,特別口座
7729,特別清算指数
7730,ＴＯＣＯＭ
7731,ToSTNeT取引
7732,トップダウンアプローチ
7733,トップダウン・アプローチ
7734,ＴＯＰＩＸ
7735,トヨタ自動車第1回ＡＡ型種類株式
7736,トリガー価格
7737,取組
7738,取引最終日
7739,取引参加者
7740,取引証拠金
7741,取引所外取引
7742,取引報告書
7743,トリプルウィッチング
7744,トレーダー
7745,トレーディング
7746,同一運用
7747,ドル・コスト平均法
7748,ドレッシング買い
7749,内部者登録制度
7750,内部者取引
7751,仲立会員
7752,仲値
7753,投げ売り
7754,名古屋証券取引所
7755,夏枯れ相場
7756,成り行き
7757,成り行き注文
7758,なれ合い売買
7759,ナンピン売り
7760,ナンピン買い
7761,日銀トレード
7762,日本取引所グループ
7763,日本証券クリアリング機構
7764,ＮＹオプションカット
7765,ニューヨーク証券取引所
7766,ＮＩＳＡ
7767,ヌーボー・マルシェ
7768,値洗い
7769,ネクスト市場
7770,値ザヤ稼ぎ
7771,ネッティング
7772,ネット証券
7773,ネット取引
7774,値つけ株
7775,値幅制限
7776,乗り換え
7777,配当取り
7778,端株
7779,計らい注文
7780,裸相場
7781,発行価格
7782,発行済株式
7783,発行済み株式数
7784,発行体格付け
7785,発行日決済取引
7786,反対売買
7787,販売手数料
7788,ハードリミット
7789,媒介
7790,バイナリーオプション取引
7791,売買規制措置
7792,売買単位
7793,売買取引停止制度
7794,バイ・アンド・ホールド
7795,バスケット取引
7796,バタフライスプレッド
7797,バリュー株投資
7798,バリュー投資
7799,バリュー平均法
7800,バーベル型ポートフォリオ
7801,バーベル戦略
7802,パッケージ取引
7803,パー
7804,日柄
7805,引直差金
7806,引け指し値
7807,引け成
7808,ヒストリカルボラティリティー
7809,日計り商い
7810,日々公表銘柄
7811,日歩
7812,冷やし玉
7813,冷やす
7814,評価益（損）
7815,標準物
7816,比例配分
7817,美人投票
7818,ビッド
7819,ＢＢ
7820,ｐｉｐｓ
7821,ＰＴＳ
7822,ファンドラップ
7823,フェアバリュー
7824,フェイル
7825,笛吹き
7826,フォワード取引
7827,フォーミュラ・プラン
7828,福岡証券取引所
7829,含み益（損）
7830,含み資産
7831,不成注文
7832,踏み
7833,踏み上げ
7834,フラッシュクラッシュ
7835,振替債
7836,フルインベストメント
7837,フロア
7838,ＦＬＯＯＲ
7839,フロントランニング
7840,フロート制
7841,ブックランナー
7842,ブロックチェーン
7843,ブロック取引
7844,ブロックトレーディング
7845,ブロックトレード
7846,ブローカー
7847,ブローカー業務
7848,ブローキング
7849,分散投資
7850,プットオプション
7851,プライム市場
7852,プレミアム
7853,プログラム売買
7854,プロテクティブ・プット
7855,平均取得単価
7856,ヘッジ
7857,ヘッジ売り
7858,ヘッジ取引
7859,変動相場制
7860,米国預託証券
7861,弁済
7862,弁済期限
7863,ベンチマーク
7864,ベーシス
7865,ベーシススワップ
7866,ベーシス取引
7867,ベーシスポイント
7868,ｂｐ
7869,ペアトレード
7870,ペッグ制
7871,保証金率
7872,ほふり
7873,ホワイトナイト（白馬の騎士）
7874,本質的価値
7875,ボトムアップアプローチ
7876,ボトムアップ・アプローチ
7877,ボラタイル
7878,ポジション
7879,ポジション調整
7880,ポジショントーク
7881,ポートフォリオ運用
7882,ポートフォリオ理論
7883,満期
7884,マーケットニュートラル
7885,マーケットポートフォリオ
7886,マーケットメーカー
7887,マーケットメーク方式
7888,マーケット・ニュートラル運用
7889,見せ板
7890,ミセス・ワタナベ
7891,ミニ株
7892,名義書き換え
7893,名義貸し
7894,申込手数料
7895,持ち合い解消
7896,持ち株比率
7897,持ち高調整
7898,約定日
7899,休むも相場
7900,有価証券オプション
7901,有効フロンティア
7902,優先市場
7903,猶予期間
7904,輸出予約
7905,輸入予約
7906,ユーロ円3カ月先物
7907,ユーロ市場
7908,予想変動率
7909,預託証券
7910,ヨーロピアンタイプオプション
7911,ラップ口座
7912,リスク
7913,リスクオフ
7914,リスクオン
7915,リスク回避
7916,リスク許容度
7917,リスク志向
7918,リスク選好
7919,リスクパリティ戦略
7920,リスクフリー
7921,リバランス
7922,リバースレポ
7923,利回り格差
7924,流通株式
7925,流動性
7926,両建て
7927,両端入れ
7928,理論ベーシス
7929,リーブオーダー
7930,るいとう
7931,歴史的変動率
7932,レバレッジ効果
7933,レポ市場
7934,レポ取引
7935,連続約定気配
7936,ロスカット
7937,ロックアップ
7938,ロング
7939,ロングポジション
7940,ロング・ショート運用
7941,ロンドン証券取引所
7942,ロンドンフィキシング
7943,ローリング決済
7944,ロールオーバー
7945,割安株投資
